economy,Country_name,Year,Population_of_compulsory_school_age_both_sexes_number,Repeaters_in_Grade_5_of_lower_secondary_general_education_female_number,Repeaters_in_grade_unknown_of_lower_secondary_general_education_both_sexes_numbe,School_age_population_last_grade_of_primary_education_female_number,School_age_population_lower_secondary_education_both_sexes_number,School_age_population_primary_education_both_sexes_number,School_age_population_secondary_education_female_number,School_age_population_tertiary_education_male_number,School_age_population_upper_secondary_education_both_sexes_number,School_life_expectancy_primary_female_years
ARG,Argentina,1998,6780050.0,,,,,,,,,
ARG,Argentina,1999,6835595.0,,,,,,,,,
ARG,Argentina,2000,6895121.0,,,,,,,,,
ARG,Argentina,2001,6946631.0,,,,,,,,,
ARG,Argentina,2002,6985331.0,,,,,,,,,
ARG,Argentina,2003,7011393.0,,,,,,,,,
ARG,Argentina,2004,7031720.0,,,,,,,,,
ARG,Argentina,2005,7052849.0,,,,,,,,,
ARG,Argentina,2006,9105161.0,,,,,,,,,
ARG,Argentina,2007,9123334.0,,,,,,,,,
ARG,Argentina,2008,9135420.0,,,,,,,,,
ARG,Argentina,2009,9131351.0,,,,,,,,,
ARG,Argentina,2010,9125517.0,,,,,,,,,
ARG,Argentina,2011,9122286.0,,,,,,,,,
ARG,Argentina,2012,9114598.0,,,,,,,,,
ARG,Argentina,2013,9102425.0,,,,,,,,,
ARG,Argentina,2014,9095208.0,,,,,,,,,
ARG,Argentina,2015,9829367.0,,,,,,,,,
ARG,Argentina,2016,9860755.0,,,,,,,,,
ARG,Argentina,2017,9896812.0,,,,,,,,,
ARG,Argentina,2018,9930445.0,,,,,,,,,
ARG,Argentina,2019,9969226.0,,,,,,,,,
ARG,Argentina,2020,10014925.0,,,,,,,,,
ARG,Argentina,2021,10045193.0,,,,,,,,,
ARG,Argentina,2022,10058456.0,,,,,,,,,
ARG,Argentina,2023,10029560.0,,,,,,,,,
BGR,Bulgaria,1971,,,,,,,,,,4.019569873809814
BGR,Bulgaria,1972,,,,,,,,,,3.927390098571777
BGR,Bulgaria,1973,,,,,,,,,,3.8434898853302
BGR,Bulgaria,1974,,,,,,,,,,3.756109952926636
BGR,Bulgaria,1975,,,,,,,,,,3.637809991836548
BGR,Bulgaria,1976,,,,,,,,,,3.659280061721802
BGR,Bulgaria,1977,,,,,,,,,,3.663980007171631
BGR,Bulgaria,1978,,,,,,,,,,3.714339971542358
BGR,Bulgaria,1979,,,,,,,,,,3.728399991989136
BGR,Bulgaria,1980,,,,,,,,,,3.767460107803345
BGR,Bulgaria,1981,,,,,,,,,,3.842339992523193
BGR,Bulgaria,1982,,,,,,,,,,3.968689918518066
BGR,Bulgaria,1983,,,,,,,,,,4.027649879455566
BGR,Bulgaria,1984,,,,,,,,,,4.076759815216064
BGR,Bulgaria,1985,,,,,,,,,,4.143280029296875
BGR,Bulgaria,1986,,,,,,,,,,4.156320095062256
BGR,Bulgaria,1987,,,,,,,,,,4.255720138549805
BGR,Bulgaria,1988,,,,,,,,,,4.248410224914551
BGR,Bulgaria,1989,,,,,,,,,,4.193910121917725
BGR,Bulgaria,1990,,,,,,,,,,3.896009922027588
BGR,Bulgaria,1991,,,,,,,,,,3.808939933776855
BGR,Bulgaria,1992,,,,,,,,,,3.737540006637573
BGR,Bulgaria,1993,,,,,,,,,,3.713579893112183
BGR,Bulgaria,1994,,,,,,,,,,3.736860036849976
BGR,Bulgaria,1995,,,,,,,,,,3.789279937744141
BGR,Bulgaria,1996,,,,,,,,,,3.906800031661987
BGR,Bulgaria,1997,,,,,,,,,,3.960649967193604
BGR,Bulgaria,1998,,,,,,,,,,4.03603982925415
BGR,Bulgaria,1999,,,,,,,,,,4.095570087432861
BGR,Bulgaria,2000,,,,,,,,,,4.134469985961914
BGR,Bulgaria,2001,,,,,,,,,,4.148839950561523
BGR,Bulgaria,2002,,,,,,,,,,4.326429843902588
BGR,Bulgaria,2003,,,,,,,,,,4.399370193481445
BGR,Bulgaria,2004,,,,,,,,,,4.408349990844727
BGR,Bulgaria,2005,,,,,,,,,,4.366980075836182
BGR,Bulgaria,2006,,,,,,,,,,4.275579929351807
BGR,Bulgaria,2007,,,,,,,,,,4.201940059661865
BGR,Bulgaria,2008,,,,,,,,,,4.138259887695313
BGR,Bulgaria,2009,,,,,,,,,,4.070899963378906
BGR,Bulgaria,2010,,,,,,,,,,4.052579879760742
BGR,Bulgaria,2011,,,,,,,,,,4.033830165863037
BGR,Bulgaria,2012,,,,,,,,,,3.992419958114624
BGR,Bulgaria,2013,,,,,,,,,,3.957779884338379
BGR,Bulgaria,2014,,,,,,,,,,3.963249921798706
BGR,Bulgaria,2015,,,,,,,,,,3.928750038146973
BGR,Bulgaria,2016,,,,,,,,,,3.854010105133057
BGR,Bulgaria,2017,,,,,,,,,,3.796469926834106
BGR,Bulgaria,2018,,,,,,,,,,3.734879970550537
BGR,Bulgaria,2019,,,,,,,,,,3.636660099029541
BGR,Bulgaria,2020,,,,,,,,,,3.555490016937256
BGR,Bulgaria,2021,,,,,,,,,,3.484859943389893
BIH,Bosnia and Herzegovina,1970,,,,,,,353197.0,,,
BIH,Bosnia and Herzegovina,1971,,,,,,,356159.0,,,
BIH,Bosnia and Herzegovina,1972,,,,,,,358007.0,,,
BIH,Bosnia and Herzegovina,1973,,,,,,,358381.0,,,
BIH,Bosnia and Herzegovina,1974,,,,,,,358273.0,,,
BIH,Bosnia and Herzegovina,1975,,,,,,,357441.0,,,
BIH,Bosnia and Herzegovina,1976,,,,,,,356157.0,,,
BIH,Bosnia and Herzegovina,1977,,,,,,,353018.0,,,
BIH,Bosnia and Herzegovina,1978,,,,,,,348424.0,,,
BIH,Bosnia and Herzegovina,1979,,,,,,,342732.0,,,
BIH,Bosnia and Herzegovina,1980,,,,,,,336279.0,,,
BIH,Bosnia and Herzegovina,1981,,,,,,,330035.0,,,
BIH,Bosnia and Herzegovina,1982,,,,,,,324220.0,,,
BIH,Bosnia and Herzegovina,1983,,,,,,,318915.0,,,
BIH,Bosnia and Herzegovina,1984,,,,,,,313899.0,,,
BIH,Bosnia and Herzegovina,1985,,,,,,,309704.0,,,
BIH,Bosnia and Herzegovina,1986,,,,,,,306300.0,,,
BIH,Bosnia and Herzegovina,1987,,,,,,,303007.0,,,
BIH,Bosnia and Herzegovina,1988,,,,,,,299506.0,,,
BIH,Bosnia and Herzegovina,1989,,,,,,,295300.0,,,
BIH,Bosnia and Herzegovina,1990,,,,,,,290805.0,,,
BIH,Bosnia and Herzegovina,1991,,,,,,,286871.0,,,
BIH,Bosnia and Herzegovina,1992,,,,,,,284393.0,,,
BIH,Bosnia and Herzegovina,1993,,,,,,,265928.0,,,
BIH,Bosnia and Herzegovina,1994,,,,,,,262165.0,,,
BIH,Bosnia and Herzegovina,1995,,,,,,,260054.0,,,
BIH,Bosnia and Herzegovina,1996,,,,,,,269672.0,,,
BIH,Bosnia and Herzegovina,1997,,,,,,,278130.0,,,
BIH,Bosnia and Herzegovina,1998,,,,,,,279672.0,,,
BIH,Bosnia and Herzegovina,1999,,,,,,,276664.0,,,
BIH,Bosnia and Herzegovina,2000,,,,,,,271742.0,,,
BIH,Bosnia and Herzegovina,2001,,,,,,,264630.0,,,
BIH,Bosnia and Herzegovina,2002,,,,,,,256768.0,,,
BIH,Bosnia and Herzegovina,2003,,,,,,,247206.0,,,
BIH,Bosnia and Herzegovina,2004,,,,,,,234905.0,,,
BIH,Bosnia and Herzegovina,2005,,,,,,,221353.0,,,
BIH,Bosnia and Herzegovina,2006,,,,,,,209710.0,,,
BIH,Bosnia and Herzegovina,2007,,,,,,,199998.0,,,
BIH,Bosnia and Herzegovina,2008,,,,,,,193729.0,,,
BIH,Bosnia and Herzegovina,2009,,,,,,,188369.0,,,
BIH,Bosnia and Herzegovina,2010,,,,,,,187862.0,,,
BIH,Bosnia and Herzegovina,2011,,,,,,,182685.0,,,
BIH,Bosnia and Herzegovina,2012,,,,,,,179522.0,,,
BIH,Bosnia and Herzegovina,2013,,,,,,,178879.0,,,
BIH,Bosnia and Herzegovina,2014,,,,,,,172578.0,,,
BIH,Bosnia and Herzegovina,2015,,,,,,,164296.0,,,
BIH,Bosnia and Herzegovina,2016,,,,,,,155674.0,,,
BIH,Bosnia and Herzegovina,2017,,,,,,,147688.0,,,
BIH,Bosnia and Herzegovina,2018,,,,,,,141636.0,,,
BIH,Bosnia and Herzegovina,2019,,,,,,,137760.0,,,
BIH,Bosnia and Herzegovina,2020,,,,,,,135207.0,,,
BIH,Bosnia and Herzegovina,2021,,,,,,,133488.0,,,
BIH,Bosnia and Herzegovina,2022,,,,,,,132045.0,,,
BIH,Bosnia and Herzegovina,2023,,,,,,,132105.0,,,
BOL,Bolivia,1970,,,0.0,,,,,,,
BOL,Bolivia,1971,,,0.0,,,,,,,
BOL,Bolivia,1972,,,0.0,,,,,,,
BOL,Bolivia,1973,,,0.0,,,,,,,
BOL,Bolivia,1974,,,0.0,,,,,,,
BOL,Bolivia,1975,,,0.0,,,,,,,
BOL,Bolivia,1976,,,0.0,,,,,,,
BOL,Bolivia,1977,,,0.0,,,,,,,
BOL,Bolivia,1978,,,0.0,,,,,,,
BOL,Bolivia,1979,,,0.0,,,,,,,
BOL,Bolivia,1980,,,0.0,,,,,,,
BOL,Bolivia,1981,,,0.0,,,,,,,
BOL,Bolivia,1982,,,0.0,,,,,,,
BOL,Bolivia,1983,,,0.0,,,,,,,
BOL,Bolivia,1984,,,0.0,,,,,,,
BOL,Bolivia,1985,,,0.0,,,,,,,
BOL,Bolivia,1986,,,0.0,,,,,,,
BOL,Bolivia,1987,,,0.0,,,,,,,
BOL,Bolivia,1988,,,0.0,,,,,,,
BOL,Bolivia,1989,,,0.0,,,,,,,
BOL,Bolivia,1990,,,0.0,,,,,,,
BOL,Bolivia,1991,,,0.0,,,,,,,
BOL,Bolivia,1992,,,0.0,,,,,,,
BOL,Bolivia,1993,,,0.0,,,,,,,
BOL,Bolivia,1994,,,0.0,,,,,,,
BOL,Bolivia,1995,,,0.0,,,,,,,
BOL,Bolivia,1996,,,0.0,,,,,,,
BOL,Bolivia,1997,,,0.0,,,,,,,
BOL,Bolivia,1998,,,0.0,,,,,,,
BOL,Bolivia,1999,,,0.0,,,,,,,
BOL,Bolivia,2000,,,0.0,,,,,,,
BOL,Bolivia,2001,,,0.0,,,,,,,
BOL,Bolivia,2002,,,0.0,,,,,,,
BOL,Bolivia,2003,,,0.0,,,,,,,
BOL,Bolivia,2004,,,0.0,,,,,,,
BOL,Bolivia,2005,,,0.0,,,,,,,
BOL,Bolivia,2006,,,0.0,,,,,,,
BOL,Bolivia,2007,,,0.0,,,,,,,
BOL,Bolivia,2008,,,0.0,,,,,,,
BOL,Bolivia,2009,,,0.0,,,,,,,
BOL,Bolivia,2010,,,0.0,,,,,,,
BOL,Bolivia,2011,,,0.0,,,,,,,
BOL,Bolivia,2012,,,0.0,,,,,,,
BOL,Bolivia,2013,,,0.0,,,,,,,
BOL,Bolivia,2014,,,0.0,,,,,,,
BOL,Bolivia,2015,,,0.0,,,,,,,
BOL,Bolivia,2016,,,0.0,,,,,,,
BOL,Bolivia,2017,,,0.0,,,,,,,
BOL,Bolivia,2018,,,0.0,,,,,,,
BOL,Bolivia,2019,,,0.0,,,,,,,
BOL,Bolivia,2020,,,0.0,,,,,,,
BOL,Bolivia,2021,,,0.0,,,,,,,
BOL,Bolivia,2022,,,0.0,,,,,,,
BTN,Bhutan,1970,,,,,,,14255.0,13435.0,,
BTN,Bhutan,1971,,,,,,,14752.0,13561.0,,
BTN,Bhutan,1972,,,,,,,15270.0,13699.0,,
BTN,Bhutan,1973,,,,,,,15820.0,14152.0,,
BTN,Bhutan,1974,,,,,,,16403.0,14627.0,,
BTN,Bhutan,1975,,,,,,,17022.0,15124.0,,
BTN,Bhutan,1976,,,,,,,17688.0,15641.0,,
BTN,Bhutan,1977,,,,,,,18399.0,16179.0,,
BTN,Bhutan,1978,,,,,,,19149.0,16749.0,,
BTN,Bhutan,1979,,,,,,,19935.0,17348.0,,
BTN,Bhutan,1980,,,,,,,20745.0,17967.0,,
BTN,Bhutan,1981,,,,,,,21575.0,18617.0,,
BTN,Bhutan,1982,,,,,,,22426.0,19296.0,,
BTN,Bhutan,1983,,,,,,,23294.0,20009.0,,
BTN,Bhutan,1984,,,,,,,24183.0,20771.0,,
BTN,Bhutan,1985,,,,,,,25092.0,21569.0,,
BTN,Bhutan,1986,,,,,,,29512.0,20979.0,,
BTN,Bhutan,1987,,,,,,,30609.0,21754.0,,
BTN,Bhutan,1988,,,,,,,31728.0,22556.0,,
BTN,Bhutan,1989,,,,,,,32877.0,23374.0,,
BTN,Bhutan,1990,,,,,,,34064.0,24212.0,,
BTN,Bhutan,1991,,,,,,,35187.0,24900.0,,
BTN,Bhutan,1992,,,,,,,35846.0,25281.0,,
BTN,Bhutan,1993,,,,,,,33122.0,23299.0,,
BTN,Bhutan,1994,,,,,,,33359.0,23437.0,,
BTN,Bhutan,1995,,,,,,,33809.0,23779.0,,
BTN,Bhutan,1996,,,,,,,34768.0,24538.0,,
BTN,Bhutan,1997,,,,,,,35664.0,25316.0,,
BTN,Bhutan,1998,,,,,,,36537.0,26122.0,,
BTN,Bhutan,1999,,,,,,,37528.0,27108.0,,
BTN,Bhutan,2000,,,,,,,38781.0,29179.0,,
BTN,Bhutan,2001,,,,,,,40166.0,31452.0,,
BTN,Bhutan,2002,,,,,,,41737.0,33828.0,,
BTN,Bhutan,2003,,,,,,,43506.0,36182.0,,
BTN,Bhutan,2004,,,,,,,45231.0,38402.0,,
BTN,Bhutan,2005,,,,,,,46756.0,40365.0,,
BTN,Bhutan,2006,,,,,,,47456.0,41029.0,,
BTN,Bhutan,2007,,,,,,,47357.0,40961.0,,
BTN,Bhutan,2008,,,,,,,46827.0,41040.0,,
BTN,Bhutan,2009,,,,,,,45979.0,41417.0,,
BTN,Bhutan,2010,,,,,,,45040.0,42057.0,,
BTN,Bhutan,2011,,,,,,,44019.0,42906.0,,
BTN,Bhutan,2012,,,,,,,42983.0,43821.0,,
BTN,Bhutan,2013,,,,,,,42184.0,44506.0,,
BTN,Bhutan,2014,,,,,,,41706.0,44763.0,,
BTN,Bhutan,2015,,,,,,,41538.0,44538.0,,
BTN,Bhutan,2016,,,,,,,41752.0,43822.0,,
BTN,Bhutan,2017,,,,,,,42275.0,42673.0,,
BTN,Bhutan,2018,,,,,,,42542.0,41093.0,,
BTN,Bhutan,2019,,,,,,,42520.0,39679.0,,
BTN,Bhutan,2020,,,,,,,42139.0,38544.0,,
BTN,Bhutan,2021,,,,,,,41436.0,37760.0,,
BTN,Bhutan,2022,,,,,,,39592.0,37110.0,,
BTN,Bhutan,2023,,,,,,,38735.0,36949.0,,
BWA,Botswana,1970,,,,,,,,,35063.0,
BWA,Botswana,1971,,,,,,,,,36066.0,
BWA,Botswana,1972,,,,,,,,,38190.0,
BWA,Botswana,1973,,,,,,,,,43707.0,
BWA,Botswana,1974,,,,,,,,,46691.0,
BWA,Botswana,1975,,,,,,,,,49558.0,
BWA,Botswana,1976,,,,,,,,,52174.0,
BWA,Botswana,1977,,,,,,,,,54629.0,
BWA,Botswana,1978,,,,,,,,,56942.0,
BWA,Botswana,1979,,,,,,,,,59495.0,
BWA,Botswana,1980,,,,,,,,,62313.0,
BWA,Botswana,1981,,,,,,,,,62752.0,
BWA,Botswana,1982,,,,,,,,,65556.0,
BWA,Botswana,1983,,,,,,,,,67940.0,
BWA,Botswana,1984,,,,,,,,,70084.0,
BWA,Botswana,1985,,,,,,,,,72163.0,
BWA,Botswana,1986,,,,,,,,,48878.0,
BWA,Botswana,1987,,,,,,,,,50383.0,
BWA,Botswana,1988,,,,,,,,,51931.0,
BWA,Botswana,1989,,,,,,,,,81591.0,
BWA,Botswana,1990,,,,,,,,,84919.0,
BWA,Botswana,1991,,,,,,,,,89139.0,
BWA,Botswana,1992,,,,,,,,,93932.0,
BWA,Botswana,1993,,,,,,,,,98837.0,
BWA,Botswana,1994,,,,,,,,,103616.0,
BWA,Botswana,1995,,,,,,,,,112634.0,
BWA,Botswana,1996,,,,,,,,,116967.0,
BWA,Botswana,1997,,,,,,,,,121036.0,
BWA,Botswana,1998,,,,,,,,,82037.0,
BWA,Botswana,1999,,,,,,,,,84040.0,
BWA,Botswana,2000,,,,,,,,,85375.0,
BWA,Botswana,2001,,,,,,,,,86634.0,
BWA,Botswana,2002,,,,,,,,,88076.0,
BWA,Botswana,2003,,,,,,,,,89415.0,
BWA,Botswana,2004,,,,,,,,,90094.0,
BWA,Botswana,2005,,,,,,,,,90035.0,
BWA,Botswana,2006,,,,,,,,,89687.0,
BWA,Botswana,2007,,,,,,,,,89365.0,
BWA,Botswana,2008,,,,,,,,,89224.0,
BWA,Botswana,2009,,,,,,,,,89664.0,
BWA,Botswana,2010,,,,,,,,,90535.0,
BWA,Botswana,2011,,,,,,,,,90967.0,
BWA,Botswana,2012,,,,,,,,,90102.0,
BWA,Botswana,2013,,,,,,,,,88251.0,
BWA,Botswana,2014,,,,,,,,,86962.0,
BWA,Botswana,2015,,,,,,,,,87244.0,
BWA,Botswana,2016,,,,,,,,,88628.0,
BWA,Botswana,2017,,,,,,,,,90422.0,
BWA,Botswana,2018,,,,,,,,,92363.0,
BWA,Botswana,2019,,,,,,,,,93575.0,
BWA,Botswana,2020,,,,,,,,,94421.0,
BWA,Botswana,2021,,,,,,,,,95964.0,
BWA,Botswana,2022,,,,,,,,,98548.0,
BWA,Botswana,2023,,,,,,,,,101803.0,
CAF,Central African Republic,1970,,,,,,311249.0,,,,
CAF,Central African Republic,1971,,,,,,319926.0,,,,
CAF,Central African Republic,1972,,,,,,329312.0,,,,
CAF,Central African Republic,1973,,,,,,339583.0,,,,
CAF,Central African Republic,1974,,,,,,350594.0,,,,
CAF,Central African Republic,1975,,,,,,362395.0,,,,
CAF,Central African Republic,1976,,,,,,374320.0,,,,
CAF,Central African Republic,1977,,,,,,379944.0,,,,
CAF,Central African Republic,1978,,,,,,384834.0,,,,
CAF,Central African Republic,1979,,,,,,388464.0,,,,
CAF,Central African Republic,1980,,,,,,390860.0,,,,
CAF,Central African Republic,1981,,,,,,391961.0,,,,
CAF,Central African Republic,1982,,,,,,392193.0,,,,
CAF,Central African Republic,1983,,,,,,393814.0,,,,
CAF,Central African Republic,1984,,,,,,396672.0,,,,
CAF,Central African Republic,1985,,,,,,401374.0,,,,
CAF,Central African Republic,1986,,,,,,408232.0,,,,
CAF,Central African Republic,1987,,,,,,416892.0,,,,
CAF,Central African Republic,1988,,,,,,427913.0,,,,
CAF,Central African Republic,1989,,,,,,441972.0,,,,
CAF,Central African Republic,1990,,,,,,461820.0,,,,
CAF,Central African Republic,1991,,,,,,481719.0,,,,
CAF,Central African Republic,1992,,,,,,501565.0,,,,
CAF,Central African Republic,1993,,,,,,521833.0,,,,
CAF,Central African Republic,1994,,,,,,542265.0,,,,
CAF,Central African Republic,1995,,,,,,561828.0,,,,
CAF,Central African Republic,1996,,,,,,577084.0,,,,
CAF,Central African Republic,1997,,,,,,594206.0,,,,
CAF,Central African Republic,1998,,,,,,610553.0,,,,
CAF,Central African Republic,1999,,,,,,626107.0,,,,
CAF,Central African Republic,2000,,,,,,640775.0,,,,
CAF,Central African Republic,2001,,,,,,655954.0,,,,
CAF,Central African Republic,2002,,,,,,666703.0,,,,
CAF,Central African Republic,2003,,,,,,683358.0,,,,
CAF,Central African Republic,2004,,,,,,698366.0,,,,
CAF,Central African Republic,2005,,,,,,714102.0,,,,
CAF,Central African Republic,2006,,,,,,730891.0,,,,
CAF,Central African Republic,2007,,,,,,747738.0,,,,
CAF,Central African Republic,2008,,,,,,763736.0,,,,
CAF,Central African Republic,2009,,,,,,779415.0,,,,
CAF,Central African Republic,2010,,,,,,797231.0,,,,
CAF,Central African Republic,2011,,,,,,814674.0,,,,
CAF,Central African Republic,2012,,,,,,831641.0,,,,
CAF,Central African Republic,2013,,,,,,848707.0,,,,
CAF,Central African Republic,2014,,,,,,866625.0,,,,
CAF,Central African Republic,2015,,,,,,884717.0,,,,
CAF,Central African Republic,2016,,,,,,905690.0,,,,
CAF,Central African Republic,2017,,,,,,929298.0,,,,
CAF,Central African Republic,2018,,,,,,952887.0,,,,
CAF,Central African Republic,2019,,,,,,974615.0,,,,
CAF,Central African Republic,2020,,,,,,993685.0,,,,
CAF,Central African Republic,2021,,,,,,1009601.0,,,,
CAF,Central African Republic,2022,,,,,,1017768.0,,,,
CAF,Central African Republic,2023,,,,,,1027599.0,,,,
CHN,China,1970,,,,,39320632.0,,,,,
CHN,China,1971,,,,,38382448.0,,,,,
CHN,China,1972,,,,,32457908.0,,,,,
CHN,China,1973,,,,,28936352.0,,,,,
CHN,China,1974,,,,,27961924.0,,,,,
CHN,China,1975,,,,,36022424.0,,,,,
CHN,China,1976,,,,,50495416.0,,,,,
CHN,China,1977,,,,,75894248.0,,,,,
CHN,China,1978,,,,,79200584.0,,,,,
CHN,China,1979,,,,,76224968.0,,,,,
CHN,China,1980,,,,,74483096.0,,,,,
CHN,China,1981,,,,,76211568.0,,,,,
CHN,China,1982,,,,,78065240.0,,,,,
CHN,China,1983,,,,,82056312.0,,,,,
CHN,China,1984,,,,,80973000.0,,,,,
CHN,China,1985,,,,,79461880.0,,,,,
CHN,China,1986,,,,,76524784.0,,,,,
CHN,China,1987,,,,,73366512.0,,,,,
CHN,China,1988,,,,,68794944.0,,,,,
CHN,China,1989,,,,,64032852.0,,,,,
CHN,China,1990,,,,,59429652.0,,,,,
CHN,China,1991,,,,,57159448.0,,,,,
CHN,China,1992,,,,,56787400.0,,,,,
CHN,China,1993,,,,,58559904.0,,,,,
CHN,China,1994,,,,,61206212.0,,,,,
CHN,China,1995,,,,,64549968.0,,,,,
CHN,China,1996,,,,,64592056.0,,,,,
CHN,China,1997,,,,,64844768.0,,,,,
CHN,China,1998,,,,,64507904.0,,,,,
CHN,China,1999,,,,,68568520.0,,,,,
CHN,China,2000,,,,,72926280.0,,,,,
CHN,China,2001,,,,,74977352.0,,,,,
CHN,China,2002,,,,,75979296.0,,,,,
CHN,China,2003,,,,,76546072.0,,,,,
CHN,China,2004,,,,,73156640.0,,,,,
CHN,China,2005,,,,,67494864.0,,,,,
CHN,China,2006,,,,,60023300.0,,,,,
CHN,China,2007,,,,,57017772.0,,,,,
CHN,China,2008,,,,,55031616.0,,,,,
CHN,China,2009,,,,,53226796.0,,,,,
CHN,China,2010,,,,,51536888.0,,,,,
CHN,China,2011,,,,,49904504.0,,,,,
CHN,China,2012,,,,,48700460.0,,,,,
CHN,China,2013,,,,,48751276.0,,,,,
CHN,China,2014,,,,,48402728.0,,,,,
CHN,China,2015,,,,,48184352.0,,,,,
CHN,China,2016,,,,,47192012.0,,,,,
CHN,China,2017,,,,,47345952.0,,,,,
CHN,China,2018,,,,,47818788.0,,,,,
CHN,China,2019,,,,,48646712.0,,,,,
CHN,China,2020,,,,,49547940.0,,,,,
CHN,China,2021,,,,,50759392.0,,,,,
CHN,China,2022,,,,,51989148.0,,,,,
CHN,China,2023,,,,,52720024.0,,,,,
CMR,Cameroon,1970,,,,73796.0,,,,,,
CMR,Cameroon,1971,,,,76500.0,,,,,,
CMR,Cameroon,1972,,,,79367.0,,,,,,
CMR,Cameroon,1973,,,,82257.0,,,,,,
CMR,Cameroon,1974,,,,85349.0,,,,,,
CMR,Cameroon,1975,,,,88510.0,,,,,,
CMR,Cameroon,1976,,,,91535.0,,,,,,
CMR,Cameroon,1977,,,,94691.0,,,,,,
CMR,Cameroon,1978,,,,97978.0,,,,,,
CMR,Cameroon,1979,,,,101333.0,,,,,,
CMR,Cameroon,1980,,,,104680.0,,,,,,
CMR,Cameroon,1981,,,,108203.0,,,,,,
CMR,Cameroon,1982,,,,112052.0,,,,,,
CMR,Cameroon,1983,,,,115747.0,,,,,,
CMR,Cameroon,1984,,,,119134.0,,,,,,
CMR,Cameroon,1985,,,,122891.0,,,,,,
CMR,Cameroon,1986,,,,126552.0,,,,,,
CMR,Cameroon,1987,,,,130638.0,,,,,,
CMR,Cameroon,1988,,,,135523.0,,,,,,
CMR,Cameroon,1989,,,,140617.0,,,,,,
CMR,Cameroon,1990,,,,145635.0,,,,,,
CMR,Cameroon,1991,,,,151537.0,,,,,,
CMR,Cameroon,1992,,,,157337.0,,,,,,
CMR,Cameroon,1993,,,,164738.0,,,,,,
CMR,Cameroon,1994,,,,171549.0,,,,,,
CMR,Cameroon,1995,,,,174103.0,,,,,,
CMR,Cameroon,1996,,,,178905.0,,,,,,
CMR,Cameroon,1997,,,,185037.0,,,,,,
CMR,Cameroon,1998,,,,191977.0,,,,,,
CMR,Cameroon,1999,,,,197734.0,,,,,,
CMR,Cameroon,2000,,,,202149.0,,,,,,
CMR,Cameroon,2001,,,,206527.0,,,,,,
CMR,Cameroon,2002,,,,211433.0,,,,,,
CMR,Cameroon,2003,,,,216098.0,,,,,,
CMR,Cameroon,2004,,,,220216.0,,,,,,
CMR,Cameroon,2005,,,,223992.0,,,,,,
CMR,Cameroon,2006,,,,227901.0,,,,,,
CMR,Cameroon,2007,,,,231020.0,,,,,,
CMR,Cameroon,2008,,,,234097.0,,,,,,
CMR,Cameroon,2009,,,,238364.0,,,,,,
CMR,Cameroon,2010,,,,245329.0,,,,,,
CMR,Cameroon,2011,,,,254184.0,,,,,,
CMR,Cameroon,2012,,,,260284.0,,,,,,
CMR,Cameroon,2013,,,,266765.0,,,,,,
CMR,Cameroon,2014,,,,276530.0,,,,,,
CMR,Cameroon,2015,,,,287324.0,,,,,,
CMR,Cameroon,2016,,,,297339.0,,,,,,
CMR,Cameroon,2017,,,,305800.0,,,,,,
CMR,Cameroon,2018,,,,314820.0,,,,,,
CMR,Cameroon,2019,,,,323911.0,,,,,,
CMR,Cameroon,2020,,,,332879.0,,,,,,
CMR,Cameroon,2021,,,,342214.0,,,,,,
CMR,Cameroon,2022,,,,350664.0,,,,,,
CMR,Cameroon,2023,,,,357410.0,,,,,,
CRI,Costa Rica,1970,,,0.0,,,,,,,
CRI,Costa Rica,1971,,,0.0,,,,,,,
CRI,Costa Rica,1972,,,0.0,,,,,,,
CRI,Costa Rica,1973,,,0.0,,,,,,,
CRI,Costa Rica,1974,,,0.0,,,,,,,
CRI,Costa Rica,1975,,,0.0,,,,,,,
CRI,Costa Rica,1976,,,0.0,,,,,,,
CRI,Costa Rica,1977,,,0.0,,,,,,,
CRI,Costa Rica,1978,,,0.0,,,,,,,
CRI,Costa Rica,1979,,,0.0,,,,,,,
CRI,Costa Rica,1980,,,0.0,,,,,,,
CRI,Costa Rica,1981,,,0.0,,,,,,,
CRI,Costa Rica,1982,,,0.0,,,,,,,
CRI,Costa Rica,1983,,,0.0,,,,,,,
CRI,Costa Rica,1984,,,0.0,,,,,,,
CRI,Costa Rica,1985,,,0.0,,,,,,,
CRI,Costa Rica,1986,,,0.0,,,,,,,
CRI,Costa Rica,1987,,,0.0,,,,,,,
CRI,Costa Rica,1988,,,0.0,,,,,,,
CRI,Costa Rica,1989,,,0.0,,,,,,,
CRI,Costa Rica,1990,,,0.0,,,,,,,
CRI,Costa Rica,1991,,,0.0,,,,,,,
CRI,Costa Rica,1992,,,0.0,,,,,,,
CRI,Costa Rica,1993,,,0.0,,,,,,,
CRI,Costa Rica,1994,,,0.0,,,,,,,
CRI,Costa Rica,1995,,,0.0,,,,,,,
CRI,Costa Rica,1996,,,0.0,,,,,,,
CRI,Costa Rica,1997,,,0.0,,,,,,,
CRI,Costa Rica,1998,,,0.0,,,,,,,
CRI,Costa Rica,1999,,,0.0,,,,,,,
CRI,Costa Rica,2000,,,0.0,,,,,,,
CRI,Costa Rica,2001,,,0.0,,,,,,,
CRI,Costa Rica,2002,,,0.0,,,,,,,
CRI,Costa Rica,2003,,,0.0,,,,,,,
CRI,Costa Rica,2004,,,0.0,,,,,,,
CRI,Costa Rica,2005,,,0.0,,,,,,,
CRI,Costa Rica,2006,,,0.0,,,,,,,
CRI,Costa Rica,2007,,,0.0,,,,,,,
CRI,Costa Rica,2008,,,0.0,,,,,,,
CRI,Costa Rica,2009,,,0.0,,,,,,,
CRI,Costa Rica,2010,,,0.0,,,,,,,
CRI,Costa Rica,2011,,,0.0,,,,,,,
CRI,Costa Rica,2012,,,0.0,,,,,,,
CRI,Costa Rica,2013,,,0.0,,,,,,,
CRI,Costa Rica,2014,,,0.0,,,,,,,
CRI,Costa Rica,2015,,,0.0,,,,,,,
CRI,Costa Rica,2016,,,0.0,,,,,,,
CRI,Costa Rica,2017,,,0.0,,,,,,,
CRI,Costa Rica,2018,,,0.0,,,,,,,
CRI,Costa Rica,2019,,,0.0,,,,,,,
CRI,Costa Rica,2020,,,0.0,,,,,,,
CRI,Costa Rica,2021,,,0.0,,,,,,,
CRI,Costa Rica,2022,,,0.0,,,,,,,
DEU,Germany,1970,,,,,6728877.0,,,,,
DEU,Germany,1971,,,,,6908494.0,,,,,
DEU,Germany,1972,,,,,7128385.0,,,,,
DEU,Germany,1973,,,,,7334492.0,,,,,
DEU,Germany,1974,,,,,7538533.0,,,,,
DEU,Germany,1975,,,,,7717558.0,,,,,
DEU,Germany,1976,,,,,7817423.0,,,,,
DEU,Germany,1977,,,,,7865690.0,,,,,
DEU,Germany,1978,,,,,7827339.0,,,,,
DEU,Germany,1979,,,,,7716771.0,,,,,
DEU,Germany,1980,,,,,7501942.0,,,,,
DEU,Germany,1981,,,,,7200903.0,,,,,
DEU,Germany,1982,,,,,6874930.0,,,,,
DEU,Germany,1983,,,,,6460386.0,,,,,
DEU,Germany,1984,,,,,6007404.0,,,,,
DEU,Germany,1985,,,,,5589148.0,,,,,
DEU,Germany,1986,,,,,5234944.0,,,,,
DEU,Germany,1987,,,,,4991181.0,,,,,
DEU,Germany,1988,,,,,4820289.0,,,,,
DEU,Germany,1989,,,,,4766103.0,,,,,
DEU,Germany,1990,,,,,4817516.0,,,,,
DEU,Germany,1991,,,,,4932487.0,,,,,
DEU,Germany,1992,,,,,5068926.0,,,,,
DEU,Germany,1993,,,,,5185474.0,,,,,
DEU,Germany,1994,,,,,5266750.0,,,,,
DEU,Germany,1995,,,,,5326574.0,,,,,
DEU,Germany,1996,,,,,5368622.0,,,,,
DEU,Germany,1997,,,,,5387573.0,,,,,
DEU,Germany,1998,,,,,5415048.0,,,,,
DEU,Germany,1999,,,,,5455915.0,,,,,
DEU,Germany,2000,,,,,5597827.0,,,,,
DEU,Germany,2001,,,,,5665067.0,,,,,
DEU,Germany,2002,,,,,5648920.0,,,,,
DEU,Germany,2003,,,,,5564637.0,,,,,
DEU,Germany,2004,,,,,5434946.0,,,,,
DEU,Germany,2005,,,,,5248500.0,,,,,
DEU,Germany,2006,,,,,5075862.0,,,,,
DEU,Germany,2007,,,,,4913504.0,,,,,
DEU,Germany,2008,,,,,4853613.0,,,,,
DEU,Germany,2009,,,,,4800662.0,,,,,
DEU,Germany,2010,,,,,4755420.0,,,,,
DEU,Germany,2011,,,,,4718962.0,,,,,
DEU,Germany,2012,,,,,4691001.0,,,,,
DEU,Germany,2013,,,,,4627433.0,,,,,
DEU,Germany,2014,,,,,4541987.0,,,,,
DEU,Germany,2015,,,,,4495495.0,,,,,
DEU,Germany,2016,,,,,4497881.0,,,,,
DEU,Germany,2017,,,,,4453056.0,,,,,
DEU,Germany,2018,,,,,4443003.0,,,,,
DEU,Germany,2019,,,,,4454531.0,,,,,
DEU,Germany,2020,,,,,4459736.0,,,,,
DEU,Germany,2021,,,,,4469312.0,,,,,
DEU,Germany,2022,,,,,4483479.0,,,,,
DEU,Germany,2023,,,,,4513388.0,,,,,
DMA,Dominica,1970,,,,,,,,2731.0,,
DMA,Dominica,1971,,,,,,,,2835.0,,
DMA,Dominica,1972,,,,,,,,2986.0,,
DMA,Dominica,1973,,,,,,,,3183.0,,
DMA,Dominica,1974,,,,,,,,3403.0,,
DMA,Dominica,1975,,,,,,,,3616.0,,
DMA,Dominica,1976,,,,,,,,3815.0,,
DMA,Dominica,1977,,,,,,,,3982.0,,
DMA,Dominica,1978,,,,,,,,4113.0,,
DMA,Dominica,1979,,,,,,,,4206.0,,
DMA,Dominica,1980,,,,,,,,4284.0,,
DMA,Dominica,1981,,,,,,,,4340.0,,
DMA,Dominica,1982,,,,,,,,4374.0,,
DMA,Dominica,1983,,,,,,,,4381.0,,
DMA,Dominica,1984,,,,,,,,4376.0,,
DMA,Dominica,1985,,,,,,,,4360.0,,
DMA,Dominica,1986,,,,,,,,4315.0,,
DMA,Dominica,1987,,,,,,,,4221.0,,
DMA,Dominica,1988,,,,,,,,4114.0,,
DMA,Dominica,1989,,,,,,,,4034.0,,
DMA,Dominica,1990,,,,,,,,3969.0,,
DMA,Dominica,1991,,,,,,,,3892.0,,
DMA,Dominica,1992,,,,,,,,3777.0,,
DMA,Dominica,1993,,,,,,,,3577.0,,
DMA,Dominica,1994,,,,,,,,3352.0,,
DMA,Dominica,1995,,,,,,,,3118.0,,
DMA,Dominica,1996,,,,,,,,2914.0,,
DMA,Dominica,1997,,,,,,,,2794.0,,
DMA,Dominica,1998,,,,,,,,2733.0,,
DMA,Dominica,1999,,,,,,,,2730.0,,
DMA,Dominica,2000,,,,,,,,2773.0,,
DMA,Dominica,2001,,,,,,,,2849.0,,
DMA,Dominica,2002,,,,,,,,2977.0,,
DMA,Dominica,2003,,,,,,,,3084.0,,
DMA,Dominica,2004,,,,,,,,3106.0,,
DMA,Dominica,2005,,,,,,,,3067.0,,
DMA,Dominica,2006,,,,,,,,3014.0,,
DMA,Dominica,2007,,,,,,,,2968.0,,
DMA,Dominica,2008,,,,,,,,2948.0,,
DMA,Dominica,2009,,,,,,,,2979.0,,
DMA,Dominica,2010,,,,,,,,3050.0,,
DMA,Dominica,2011,,,,,,,,3109.0,,
DMA,Dominica,2012,,,,,,,,3169.0,,
DMA,Dominica,2013,,,,,,,,3207.0,,
DMA,Dominica,2014,,,,,,,,3090.0,,
DMA,Dominica,2015,,,,,,,,3227.0,,
DMA,Dominica,2016,,,,,,,,3067.0,,
DMA,Dominica,2017,,,,,,,,3029.0,,
DMA,Dominica,2018,,,,,,,,3017.0,,
DMA,Dominica,2019,,,,,,,,3005.0,,
DMA,Dominica,2020,,,,,,,,2984.0,,
DMA,Dominica,2021,,,,,,,,2949.0,,
DMA,Dominica,2022,,,,,,,,2911.0,,
DMA,Dominica,2023,,,,,,,,2841.0,,
DZA,Algeria,1998,7610676.0,,,,,,,,,
DZA,Algeria,1999,7569975.0,,,,,,,,,
DZA,Algeria,2000,7506254.0,,,,,,,,,
DZA,Algeria,2001,7419251.0,,,,,,,,,
DZA,Algeria,2002,7302486.0,,,,,,,,,
DZA,Algeria,2003,7164152.0,,,,,,,,,
DZA,Algeria,2004,7010763.0,,,,,,,,,
DZA,Algeria,2005,6818861.0,,,,,,,,,
DZA,Algeria,2006,6631497.0,,,,,,,,,
DZA,Algeria,2007,6466377.0,,,,,,,,,
DZA,Algeria,2008,6315771.0,,,,,,,,,
DZA,Algeria,2009,6183521.0,,,,,,,,,
DZA,Algeria,2010,6090881.0,,,,,,,,,
DZA,Algeria,2011,6042406.0,,,,,,,,,
DZA,Algeria,2012,6050533.0,,,,,,,,,
DZA,Algeria,2013,6115513.0,,,,,,,,,
DZA,Algeria,2014,6240259.0,,,,,,,,,
DZA,Algeria,2015,6452235.0,,,,,,,,,
DZA,Algeria,2016,6702429.0,,,,,,,,,
DZA,Algeria,2017,6978751.0,,,,,,,,,
DZA,Algeria,2018,7279551.0,,,,,,,,,
DZA,Algeria,2019,7610408.0,,,,,,,,,
DZA,Algeria,2020,7928613.0,,,,,,,,,
DZA,Algeria,2021,8245454.0,,,,,,,,,
DZA,Algeria,2022,8551361.0,,,,,,,,,
DZA,Algeria,2023,8835618.0,,,,,,,,,
EGY,"Egypt, Arab Rep",1970,,,,,,,2215336.0,,,
EGY,"Egypt, Arab Rep",1971,,,,,,,2276018.0,,,
EGY,"Egypt, Arab Rep",1972,,,,,,,2329950.0,,,
EGY,"Egypt, Arab Rep",1973,,,,,,,2383114.0,,,
EGY,"Egypt, Arab Rep",1974,,,,,,,2438486.0,,,
EGY,"Egypt, Arab Rep",1975,,,,,,,2496076.0,,,
EGY,"Egypt, Arab Rep",1976,,,,,,,2557705.0,,,
EGY,"Egypt, Arab Rep",1977,,,,,,,2620191.0,,,
EGY,"Egypt, Arab Rep",1978,,,,,,,2681483.0,,,
EGY,"Egypt, Arab Rep",1979,,,,,,,2744665.0,,,
EGY,"Egypt, Arab Rep",1980,,,,,,,2805099.0,,,
EGY,"Egypt, Arab Rep",1981,,,,,,,2863856.0,,,
EGY,"Egypt, Arab Rep",1982,,,,,,,2918817.0,,,
EGY,"Egypt, Arab Rep",1983,,,,,,,2973088.0,,,
EGY,"Egypt, Arab Rep",1984,,,,,,,3033424.0,,,
EGY,"Egypt, Arab Rep",1985,,,,,,,3095143.0,,,
EGY,"Egypt, Arab Rep",1986,,,,,,,3158891.0,,,
EGY,"Egypt, Arab Rep",1987,,,,,,,3231962.0,,,
EGY,"Egypt, Arab Rep",1988,,,,,,,3318058.0,,,
EGY,"Egypt, Arab Rep",1989,,,,,,,3416801.0,,,
EGY,"Egypt, Arab Rep",1990,,,,,,,3650318.0,,,
EGY,"Egypt, Arab Rep",1991,,,,,,,3788507.0,,,
EGY,"Egypt, Arab Rep",1992,,,,,,,3923695.0,,,
EGY,"Egypt, Arab Rep",1993,,,,,,,4053355.0,,,
EGY,"Egypt, Arab Rep",1994,,,,,,,4185542.0,,,
EGY,"Egypt, Arab Rep",1995,,,,,,,4324752.0,,,
EGY,"Egypt, Arab Rep",1996,,,,,,,4454858.0,,,
EGY,"Egypt, Arab Rep",1997,,,,,,,4581059.0,,,
EGY,"Egypt, Arab Rep",1998,,,,,,,4706398.0,,,
EGY,"Egypt, Arab Rep",1999,,,,,,,4830921.0,,,
EGY,"Egypt, Arab Rep",2000,,,,,,,4938542.0,,,
EGY,"Egypt, Arab Rep",2001,,,,,,,5012362.0,,,
EGY,"Egypt, Arab Rep",2002,,,,,,,5057997.0,,,
EGY,"Egypt, Arab Rep",2003,,,,,,,5074674.0,,,
EGY,"Egypt, Arab Rep",2004,,,,,,,5089039.0,,,
EGY,"Egypt, Arab Rep",2005,,,,,,,5087599.0,,,
EGY,"Egypt, Arab Rep",2006,,,,,,,5080648.0,,,
EGY,"Egypt, Arab Rep",2007,,,,,,,5065862.0,,,
EGY,"Egypt, Arab Rep",2008,,,,,,,5057616.0,,,
EGY,"Egypt, Arab Rep",2009,,,,,,,5062879.0,,,
EGY,"Egypt, Arab Rep",2010,,,,,,,5086003.0,,,
EGY,"Egypt, Arab Rep",2011,,,,,,,5113066.0,,,
EGY,"Egypt, Arab Rep",2012,,,,,,,5157311.0,,,
EGY,"Egypt, Arab Rep",2013,,,,,,,5206760.0,,,
EGY,"Egypt, Arab Rep",2014,,,,,,,5278648.0,,,
EGY,"Egypt, Arab Rep",2015,,,,,,,5350755.0,,,
EGY,"Egypt, Arab Rep",2016,,,,,,,5428075.0,,,
EGY,"Egypt, Arab Rep",2017,,,,,,,5499743.0,,,
EGY,"Egypt, Arab Rep",2018,,,,,,,5583371.0,,,
EGY,"Egypt, Arab Rep",2019,,,,,,,5672633.0,,,
EGY,"Egypt, Arab Rep",2020,,,,,,,5775844.0,,,
EGY,"Egypt, Arab Rep",2021,,,,,,,5890275.0,,,
EGY,"Egypt, Arab Rep",2022,,,,,,,6011857.0,,,
EGY,"Egypt, Arab Rep",2023,,,,,,,6186082.0,,,
FIN,Finland,1970,,,,,,,250165.0,,,
FIN,Finland,1971,,,,,,,246006.0,,,
FIN,Finland,1972,,,,,,,241342.0,,,
FIN,Finland,1973,,,,,,,238905.0,,,
FIN,Finland,1974,,,,,,,235462.0,,,
FIN,Finland,1975,,,,,,,232483.0,,,
FIN,Finland,1976,,,,,,,228913.0,,,
FIN,Finland,1977,,,,,,,227001.0,,,
FIN,Finland,1978,,,,,,,227201.0,,,
FIN,Finland,1979,,,,,,,225025.0,,,
FIN,Finland,1980,,,,,,,223182.0,,,
FIN,Finland,1981,,,,,,,220993.0,,,
FIN,Finland,1982,,,,,,,218083.0,,,
FIN,Finland,1983,,,,,,,212024.0,,,
FIN,Finland,1984,,,,,,,205835.0,,,
FIN,Finland,1985,,,,,,,199464.0,,,
FIN,Finland,1986,,,,,,,191599.0,,,
FIN,Finland,1987,,,,,,,183237.0,,,
FIN,Finland,1988,,,,,,,179195.0,,,
FIN,Finland,1989,,,,,,,179088.0,,,
FIN,Finland,1990,,,,,,,180576.0,,,
FIN,Finland,1991,,,,,,,182874.0,,,
FIN,Finland,1992,,,,,,,186196.0,,,
FIN,Finland,1993,,,,,,,190587.0,,,
FIN,Finland,1994,,,,,,,191669.0,,,
FIN,Finland,1995,,,,,,,191717.0,,,
FIN,Finland,1996,,,,,,,191917.0,,,
FIN,Finland,1997,,,,,,,192905.0,,,
FIN,Finland,1998,,,,,,,193817.0,,,
FIN,Finland,1999,,,,,,,193502.0,,,
FIN,Finland,2000,,,,,,,192382.0,,,
FIN,Finland,2001,,,,,,,190491.0,,,
FIN,Finland,2002,,,,,,,189516.0,,,
FIN,Finland,2003,,,,,,,187933.0,,,
FIN,Finland,2004,,,,,,,187944.0,,,
FIN,Finland,2005,,,,,,,189196.0,,,
FIN,Finland,2006,,,,,,,191953.0,,,
FIN,Finland,2007,,,,,,,194352.0,,,
FIN,Finland,2008,,,,,,,195213.0,,,
FIN,Finland,2009,,,,,,,194977.0,,,
FIN,Finland,2010,,,,,,,192601.0,,,
FIN,Finland,2011,,,,,,,189795.0,,,
FIN,Finland,2012,,,,,,,185333.0,,,
FIN,Finland,2013,,,,,,,182083.0,,,
FIN,Finland,2014,,,,,,,178122.0,,,
FIN,Finland,2015,,,,,,,175112.0,,,
FIN,Finland,2016,,,,,,,173103.0,,,
FIN,Finland,2017,,,,,,,172370.0,,,
FIN,Finland,2018,,,,,,,173069.0,,,
FIN,Finland,2019,,,,,,,173671.0,,,
FIN,Finland,2020,,,,,,,175516.0,,,
FIN,Finland,2021,,,,,,,177357.0,,,
FIN,Finland,2022,,,,,,,180079.0,,,
FIN,Finland,2023,,,,,,,182296.0,,,
GIN,Guinea,1970,,,,46158.0,,,,,,
GIN,Guinea,1971,,,,47135.0,,,,,,
GIN,Guinea,1972,,,,48131.0,,,,,,
GIN,Guinea,1973,,,,49209.0,,,,,,
GIN,Guinea,1974,,,,50245.0,,,,,,
GIN,Guinea,1975,,,,51328.0,,,,,,
GIN,Guinea,1976,,,,52378.0,,,,,,
GIN,Guinea,1977,,,,53482.0,,,,,,
GIN,Guinea,1978,,,,54592.0,,,,,,
GIN,Guinea,1979,,,,55748.0,,,,,,
GIN,Guinea,1980,,,,56959.0,,,,,,
GIN,Guinea,1981,,,,58260.0,,,,,,
GIN,Guinea,1982,,,,59644.0,,,,,,
GIN,Guinea,1983,,,,61104.0,,,,,,
GIN,Guinea,1984,,,,62556.0,,,,,,
GIN,Guinea,1985,,,,64010.0,,,,,,
GIN,Guinea,1986,,,,65571.0,,,,,,
GIN,Guinea,1987,,,,67032.0,,,,,,
GIN,Guinea,1988,,,,68576.0,,,,,,
GIN,Guinea,1989,,,,70174.0,,,,,,
GIN,Guinea,1990,,,,72008.0,,,,,,
GIN,Guinea,1991,,,,75214.0,,,,,,
GIN,Guinea,1992,,,,78445.0,,,,,,
GIN,Guinea,1993,,,,80347.0,,,,,,
GIN,Guinea,1994,,,,82982.0,,,,,,
GIN,Guinea,1995,,,,85533.0,,,,,,
GIN,Guinea,1996,,,,88226.0,,,,,,
GIN,Guinea,1997,,,,90877.0,,,,,,
GIN,Guinea,1998,,,,93724.0,,,,,,
GIN,Guinea,1999,,,,97064.0,,,,,,
GIN,Guinea,2000,,,,100744.0,,,,,,
GIN,Guinea,2001,,,,104209.0,,,,,,
GIN,Guinea,2002,,,,107458.0,,,,,,
GIN,Guinea,2003,,,,110788.0,,,,,,
GIN,Guinea,2004,,,,114736.0,,,,,,
GIN,Guinea,2005,,,,118344.0,,,,,,
GIN,Guinea,2006,,,,121501.0,,,,,,
GIN,Guinea,2007,,,,123748.0,,,,,,
GIN,Guinea,2008,,,,125845.0,,,,,,
GIN,Guinea,2009,,,,129653.0,,,,,,
GIN,Guinea,2010,,,,132684.0,,,,,,
GIN,Guinea,2011,,,,132980.0,,,,,,
GIN,Guinea,2012,,,,135882.0,,,,,,
GIN,Guinea,2013,,,,138250.0,,,,,,
GIN,Guinea,2014,,,,139921.0,,,,,,
GIN,Guinea,2015,,,,141208.0,,,,,,
GIN,Guinea,2016,,,,143953.0,,,,,,
GIN,Guinea,2017,,,,147480.0,,,,,,
GIN,Guinea,2018,,,,151477.0,,,,,,
GIN,Guinea,2019,,,,155018.0,,,,,,
GIN,Guinea,2020,,,,159288.0,,,,,,
GIN,Guinea,2021,,,,163699.0,,,,,,
GIN,Guinea,2022,,,,168268.0,,,,,,
GIN,Guinea,2023,,,,171447.0,,,,,,
GNB,Guinea-Bissau,1970,,,,7472.0,,,,,,
GNB,Guinea-Bissau,1971,,,,7736.0,,,,,,
GNB,Guinea-Bissau,1972,,,,7960.0,,,,,,
GNB,Guinea-Bissau,1973,,,,8202.0,,,,,,
GNB,Guinea-Bissau,1974,,,,8284.0,,,,,,
GNB,Guinea-Bissau,1975,,,,8259.0,,,,,,
GNB,Guinea-Bissau,1976,,,,8249.0,,,,,,
GNB,Guinea-Bissau,1977,,,,8257.0,,,,,,
GNB,Guinea-Bissau,1978,,,,8306.0,,,,,,
GNB,Guinea-Bissau,1979,,,,8717.0,,,,,,
GNB,Guinea-Bissau,1980,,,,8826.0,,,,,,
GNB,Guinea-Bissau,1981,,,,9161.0,,,,,,
GNB,Guinea-Bissau,1982,,,,9581.0,,,,,,
GNB,Guinea-Bissau,1983,,,,10007.0,,,,,,
GNB,Guinea-Bissau,1984,,,,10453.0,,,,,,
GNB,Guinea-Bissau,1985,,,,10877.0,,,,,,
GNB,Guinea-Bissau,1986,,,,11306.0,,,,,,
GNB,Guinea-Bissau,1987,,,,11741.0,,,,,,
GNB,Guinea-Bissau,1988,,,,12139.0,,,,,,
GNB,Guinea-Bissau,1989,,,,12455.0,,,,,,
GNB,Guinea-Bissau,1990,,,,12605.0,,,,,,
GNB,Guinea-Bissau,1991,,,,12420.0,,,,,,
GNB,Guinea-Bissau,1992,,,,13033.0,,,,,,
GNB,Guinea-Bissau,1993,,,,13750.0,,,,,,
GNB,Guinea-Bissau,1994,,,,14338.0,,,,,,
GNB,Guinea-Bissau,1995,,,,14821.0,,,,,,
GNB,Guinea-Bissau,1996,,,,15148.0,,,,,,
GNB,Guinea-Bissau,1997,,,,15379.0,,,,,,
GNB,Guinea-Bissau,1998,,,,15544.0,,,,,,
GNB,Guinea-Bissau,1999,,,,15679.0,,,,,,
GNB,Guinea-Bissau,2000,,,,15795.0,,,,,,
GNB,Guinea-Bissau,2001,,,,15918.0,,,,,,
GNB,Guinea-Bissau,2002,,,,16058.0,,,,,,
GNB,Guinea-Bissau,2003,,,,15919.0,,,,,,
GNB,Guinea-Bissau,2004,,,,16136.0,,,,,,
GNB,Guinea-Bissau,2005,,,,16617.0,,,,,,
GNB,Guinea-Bissau,2006,,,,17044.0,,,,,,
GNB,Guinea-Bissau,2007,,,,17529.0,,,,,,
GNB,Guinea-Bissau,2008,,,,17940.0,,,,,,
GNB,Guinea-Bissau,2009,,,,18398.0,,,,,,
GNB,Guinea-Bissau,2010,,,,18934.0,,,,,,
GNB,Guinea-Bissau,2011,,,,19942.0,,,,,,
GNB,Guinea-Bissau,2012,,,,20494.0,,,,,,
GNB,Guinea-Bissau,2013,,,,21003.0,,,,,,
GNB,Guinea-Bissau,2014,,,,21798.0,,,,,,
GNB,Guinea-Bissau,2015,,,,22435.0,,,,,,
GNB,Guinea-Bissau,2016,,,,22998.0,,,,,,
GNB,Guinea-Bissau,2017,,,,23635.0,,,,,,
GNB,Guinea-Bissau,2018,,,,24276.0,,,,,,
GNB,Guinea-Bissau,2019,,,,25058.0,,,,,,
GNB,Guinea-Bissau,2020,,,,25345.0,,,,,,
GNB,Guinea-Bissau,2021,,,,25622.0,,,,,,
GNB,Guinea-Bissau,2022,,,,26015.0,,,,,,
GNB,Guinea-Bissau,2023,,,,26804.0,,,,,,
GRC,Greece,1971,,,,,,,,,,6.466229915618896
GRC,Greece,1972,,,,,,,,,,6.450389862060547
GRC,Greece,1973,,,,,,,,,,6.40388011932373
GRC,Greece,1974,,,,,,,,,,6.392079830169678
GRC,Greece,1975,,,,,,,,,,6.347720146179199
GRC,Greece,1976,,,,,,,,,,6.338089942932129
GRC,Greece,1977,,,,,,,,,,6.307630062103271
GRC,Greece,1978,,,,,,,,,,6.26308012008667
GRC,Greece,1979,,,,,,,,,,6.190599918365479
GRC,Greece,1980,,,,,,,,,,6.05728006362915
GRC,Greece,1981,,,,,,,,,,6.090849876403809
GRC,Greece,1982,,,,,,,,,,6.019509792327881
GRC,Greece,1983,,,,,,,,,,6.024980068206787
GRC,Greece,1984,,,,,,,,,,6.003620147705078
GRC,Greece,1985,,,,,,,,,,5.983910083770752
GRC,Greece,1986,,,,,,,,,,5.943319797515869
GRC,Greece,1987,,,,,,,,,,5.789760112762451
GRC,Greece,1988,,,,,,,,,,5.856400012969971
GRC,Greece,1989,,,,,,,,,,5.827610015869141
GRC,Greece,1990,,,,,,,,,,5.790279865264893
GRC,Greece,1991,,,,,,,,,,5.800839900970459
GRC,Greece,1992,,,,,,,,,,5.81289005279541
GRC,Greece,1993,,,,,,,,,,5.796360015869141
GRC,Greece,1994,,,,,,,,,,5.820020198822021
GRC,Greece,1995,,,,,,,,,,5.995480060577393
GRC,Greece,1996,,,,,,,,,,5.862390041351318
GRC,Greece,1997,,,,,,,,,,5.853350162506104
GRC,Greece,1998,,,,,,,,,,5.941800117492676
GRC,Greece,1999,,,,,,,,,,5.999289989471436
GRC,Greece,2000,,,,,,,,,,6.066549777984619
GRC,Greece,2001,,,,,,,,,,6.043230056762695
GRC,Greece,2002,,,,,,,,,,6.131820201873779
GRC,Greece,2003,,,,,,,,,,6.139790058135986
GRC,Greece,2004,,,,,,,,,,6.164649963378906
GRC,Greece,2005,,,,,,,,,,6.125669956207275
GRC,Greece,2006,,,,,,,,,,6.08420991897583
GRC,Greece,2007,,,,,,,,,,6.002359867095947
GRC,Greece,2010,,,,,,,,,,6.012800216674805
GRC,Greece,2011,,,,,,,,,,5.953030109405518
GRC,Greece,2012,,,,,,,,,,5.9510498046875
GRC,Greece,2013,,,,,,,,,,5.936490058898926
GRC,Greece,2014,,,,,,,,,,5.886380195617676
GRC,Greece,2015,,,,,,,,,,5.969810009002686
GRC,Greece,2016,,,,,,,,,,5.930170059204102
GRC,Greece,2017,,,,,,,,,,5.907440185546875
GRC,Greece,2018,,,,,,,,,,5.858290195465088
GRC,Greece,2019,,,,,,,,,,5.861629962921143
GRC,Greece,2020,,,,,,,,,,5.881669998168945
GRC,Greece,2021,,,,,,,,,,5.90457010269165
GUM,Guam,1970,,0.0,,,,,,,,
GUM,Guam,1971,,0.0,,,,,,,,
GUM,Guam,1972,,0.0,,,,,,,,
GUM,Guam,1973,,0.0,,,,,,,,
GUM,Guam,1974,,0.0,,,,,,,,
GUM,Guam,1975,,0.0,,,,,,,,
GUM,Guam,1976,,0.0,,,,,,,,
GUM,Guam,1977,,0.0,,,,,,,,
GUM,Guam,1978,,0.0,,,,,,,,
GUM,Guam,1979,,0.0,,,,,,,,
GUM,Guam,1980,,0.0,,,,,,,,
GUM,Guam,1981,,0.0,,,,,,,,
GUM,Guam,1982,,0.0,,,,,,,,
GUM,Guam,1983,,0.0,,,,,,,,
GUM,Guam,1984,,0.0,,,,,,,,
GUM,Guam,1985,,0.0,,,,,,,,
GUM,Guam,1986,,0.0,,,,,,,,
GUM,Guam,1987,,0.0,,,,,,,,
GUM,Guam,1988,,0.0,,,,,,,,
GUM,Guam,1989,,0.0,,,,,,,,
GUM,Guam,1990,,0.0,,,,,,,,
GUM,Guam,1991,,0.0,,,,,,,,
GUM,Guam,1992,,0.0,,,,,,,,
GUM,Guam,1993,,0.0,,,,,,,,
GUM,Guam,1994,,0.0,,,,,,,,
GUM,Guam,1995,,0.0,,,,,,,,
GUM,Guam,1996,,0.0,,,,,,,,
GUM,Guam,1997,,0.0,,,,,,,,
GUM,Guam,1998,,0.0,,,,,,,,
GUM,Guam,1999,,0.0,,,,,,,,
GUM,Guam,2000,,0.0,,,,,,,,
GUM,Guam,2001,,0.0,,,,,,,,
GUM,Guam,2002,,0.0,,,,,,,,
GUM,Guam,2003,,0.0,,,,,,,,
GUM,Guam,2004,,0.0,,,,,,,,
GUM,Guam,2005,,0.0,,,,,,,,
GUM,Guam,2006,,0.0,,,,,,,,
GUM,Guam,2007,,0.0,,,,,,,,
GUM,Guam,2008,,0.0,,,,,,,,
GUM,Guam,2009,,0.0,,,,,,,,
GUM,Guam,2010,,0.0,,,,,,,,
GUM,Guam,2011,,0.0,,,,,,,,
GUM,Guam,2012,,0.0,,,,,,,,
GUY,Guyana,1970,,,0.0,,,,,,,
GUY,Guyana,1971,,,0.0,,,,,,,
GUY,Guyana,1972,,,0.0,,,,,,,
GUY,Guyana,1973,,,0.0,,,,,,,
GUY,Guyana,1974,,,0.0,,,,,,,
GUY,Guyana,1975,,,0.0,,,,,,,
GUY,Guyana,1976,,,0.0,,,,,,,
GUY,Guyana,1977,,,0.0,,,,,,,
GUY,Guyana,1978,,,0.0,,,,,,,
GUY,Guyana,1979,,,0.0,,,,,,,
GUY,Guyana,1980,,,0.0,,,,,,,
GUY,Guyana,1981,,,0.0,,,,,,,
GUY,Guyana,1982,,,0.0,,,,,,,
GUY,Guyana,1983,,,0.0,,,,,,,
GUY,Guyana,1984,,,0.0,,,,,,,
GUY,Guyana,1985,,,0.0,,,,,,,
GUY,Guyana,1986,,,0.0,,,,,,,
GUY,Guyana,1987,,,0.0,,,,,,,
GUY,Guyana,1988,,,0.0,,,,,,,
GUY,Guyana,1989,,,0.0,,,,,,,
GUY,Guyana,1990,,,0.0,,,,,,,
GUY,Guyana,1991,,,0.0,,,,,,,
GUY,Guyana,1992,,,0.0,,,,,,,
GUY,Guyana,1993,,,0.0,,,,,,,
GUY,Guyana,1994,,,0.0,,,,,,,
GUY,Guyana,1995,,,0.0,,,,,,,
GUY,Guyana,1996,,,0.0,,,,,,,
GUY,Guyana,1997,,,0.0,,,,,,,
GUY,Guyana,1998,,,0.0,,,,,,,
GUY,Guyana,1999,,,0.0,,,,,,,
GUY,Guyana,2000,,,0.0,,,,,,,
GUY,Guyana,2001,,,0.0,,,,,,,
GUY,Guyana,2002,,,0.0,,,,,,,
GUY,Guyana,2003,,,0.0,,,,,,,
GUY,Guyana,2004,,,0.0,,,,,,,
GUY,Guyana,2005,,,0.0,,,,,,,
GUY,Guyana,2006,,,0.0,,,,,,,
GUY,Guyana,2007,,,0.0,,,,,,,
GUY,Guyana,2008,,,0.0,,,,,,,
GUY,Guyana,2009,,,0.0,,,,,,,
GUY,Guyana,2010,,,0.0,,,,,,,
GUY,Guyana,2011,,,0.0,,,,,,,
GUY,Guyana,2012,,,0.0,,,,,,,
GUY,Guyana,2015,,,0.0,,,,,,,
GUY,Guyana,2016,,,0.0,,,,,,,
GUY,Guyana,2017,,,0.0,,,,,,,
GUY,Guyana,2018,,,0.0,,,,,,,
GUY,Guyana,2019,,,0.0,,,,,,,
HTI,Haiti,1997,1282972.0,,,,,,,,,
HTI,Haiti,1998,1302043.0,,,,,,,,,
HTI,Haiti,1999,1317538.0,,,,,,,,,
HTI,Haiti,2000,1329000.0,,,,,,,,,
HTI,Haiti,2001,1337689.0,,,,,,,,,
HTI,Haiti,2002,1343535.0,,,,,,,,,
HTI,Haiti,2003,1347769.0,,,,,,,,,
HTI,Haiti,2004,1355238.0,,,,,,,,,
HTI,Haiti,2005,1361751.0,,,,,,,,,
HTI,Haiti,2006,1370351.0,,,,,,,,,
HTI,Haiti,2007,1381304.0,,,,,,,,,
HTI,Haiti,2008,1389702.0,,,,,,,,,
HTI,Haiti,2009,1395932.0,,,,,,,,,
HTI,Haiti,2010,1401699.0,,,,,,,,,
HTI,Haiti,2011,1396877.0,,,,,,,,,
HTI,Haiti,2012,1401963.0,,,,,,,,,
HTI,Haiti,2013,1404865.0,,,,,,,,,
HTI,Haiti,2014,1409660.0,,,,,,,,,
HTI,Haiti,2015,1415776.0,,,,,,,,,
HTI,Haiti,2016,1422553.0,,,,,,,,,
HTI,Haiti,2017,1431616.0,,,,,,,,,
HTI,Haiti,2018,1442315.0,,,,,,,,,
HTI,Haiti,2019,1450704.0,,,,,,,,,
HTI,Haiti,2020,1458056.0,,,,,,,,,
HTI,Haiti,2021,1465679.0,,,,,,,,,
HTI,Haiti,2022,1472842.0,,,,,,,,,
HTI,Haiti,2023,1478020.0,,,,,,,,,
IRQ,Iraq,1971,,,,,,,,,,2.687639951705933
IRQ,Iraq,1972,,,,,,,,,,2.674200057983398
IRQ,Iraq,1973,,,,,,,,,,2.730560064315796
IRQ,Iraq,1974,,,,,,,,,,2.829799890518188
IRQ,Iraq,1975,,,,,,,,,,3.125459909439087
IRQ,Iraq,1976,,,,,,,,,,3.535379886627197
IRQ,Iraq,1977,,,,,,,,,,3.99741005897522
IRQ,Iraq,1978,,,,,,,,,,4.247419834136963
IRQ,Iraq,1979,,,,,,,,,,5.614389896392822
IRQ,Iraq,1980,,,,,,,,,,6.053850173950195
IRQ,Iraq,1981,,,,,,,,,,6.070059776306152
IRQ,Iraq,1982,,,,,,,,,,5.926149845123291
IRQ,Iraq,1983,,,,,,,,,,5.789480209350586
IRQ,Iraq,1984,,,,,,,,,,5.616399765014648
IRQ,Iraq,1985,,,,,,,,,,5.570869922637939
IRQ,Iraq,1986,,,,,,,,,,5.614500045776367
IRQ,Iraq,1987,,,,,,,,,,5.662179946899414
IRQ,Iraq,1988,,,,,,,,,,5.781889915466309
IRQ,Iraq,1989,,,,,,,,,,5.605279922485352
IRQ,Iraq,1991,,,,,,,,,,6.064640045166016
IRQ,Iraq,1992,,,,,,,,,,5.094099998474121
IRQ,Iraq,1993,,,,,,,,,,5.045780181884766
IRQ,Iraq,1996,,,,,,,,,,4.575920104980469
IRQ,Iraq,1999,,,,,,,,,,5.029910087585449
IRQ,Iraq,2000,,,,,,,,,,4.891250133514404
IRQ,Iraq,2003,,,,,,,,,,5.296559810638428
IRQ,Iraq,2004,,,,,,,,,,5.21382999420166
IRQ,Iraq,2007,,,,,,,,,,5.694169998168945
LBY,Libya,1970,,,,,,,96230.0,,,
LBY,Libya,1971,,,,,,,99527.0,,,
LBY,Libya,1972,,,,,,,104178.0,,,
LBY,Libya,1973,,,,,,,111843.0,,,
LBY,Libya,1974,,,,,,,126917.0,,,
LBY,Libya,1975,,,,,,,141181.0,,,
LBY,Libya,1976,,,,,,,157521.0,,,
LBY,Libya,1977,,,,,,,175510.0,,,
LBY,Libya,1978,,,,,,,193567.0,,,
LBY,Libya,1979,,,,,,,210097.0,,,
LBY,Libya,1980,,,,,,,224138.0,,,
LBY,Libya,1981,,,,,,,235254.0,,,
LBY,Libya,1982,,,,,,,243129.0,,,
LBY,Libya,1983,,,,,,,247760.0,,,
LBY,Libya,1984,,,,,,,250705.0,,,
LBY,Libya,1985,,,,,,,252796.0,,,
LBY,Libya,1986,,,,,,,257158.0,,,
LBY,Libya,1987,,,,,,,263235.0,,,
LBY,Libya,1988,,,,,,,270605.0,,,
LBY,Libya,1989,,,,,,,279426.0,,,
LBY,Libya,1990,,,,,,,289394.0,,,
LBY,Libya,1991,,,,,,,300171.0,,,
LBY,Libya,1992,,,,,,,309637.0,,,
LBY,Libya,1993,,,,,,,316816.0,,,
LBY,Libya,1994,,,,,,,322200.0,,,
LBY,Libya,1995,,,,,,,326388.0,,,
LBY,Libya,1996,,,,,,,329354.0,,,
LBY,Libya,1997,,,,,,,332286.0,,,
LBY,Libya,1998,,,,,,,335136.0,,,
LBY,Libya,1999,,,,,,,339082.0,,,
LBY,Libya,2000,,,,,,,343680.0,,,
LBY,Libya,2001,,,,,,,354095.0,,,
LBY,Libya,2002,,,,,,,362450.0,,,
LBY,Libya,2003,,,,,,,367572.0,,,
LBY,Libya,2004,,,,,,,369738.0,,,
LBY,Libya,2005,,,,,,,370559.0,,,
LBY,Libya,2006,,,,,,,370201.0,,,
LBY,Libya,2007,,,,,,,365073.0,,,
LBY,Libya,2008,,,,,,,360085.0,,,
LBY,Libya,2009,,,,,,,355554.0,,,
LBY,Libya,2010,,,,,,,351912.0,,,
LBY,Libya,2011,,,,,,,349275.0,,,
LBY,Libya,2012,,,,,,,315080.0,,,
LBY,Libya,2013,,,,,,,323309.0,,,
LBY,Libya,2014,,,,,,,331977.0,,,
LBY,Libya,2015,,,,,,,339377.0,,,
LBY,Libya,2016,,,,,,,346705.0,,,
LBY,Libya,2017,,,,,,,354458.0,,,
LBY,Libya,2018,,,,,,,362132.0,,,
LBY,Libya,2019,,,,,,,369474.0,,,
LBY,Libya,2020,,,,,,,376064.0,,,
LBY,Libya,2021,,,,,,,381502.0,,,
LBY,Libya,2022,,,,,,,385358.0,,,
LBY,Libya,2023,,,,,,,389584.0,,,
LIE,Liechtenstein,1998,3535.0,,,,,,,,,
LIE,Liechtenstein,1999,3575.0,,,,,,,,,
LIE,Liechtenstein,2000,3627.0,,,,,,,,,
LIE,Liechtenstein,2001,3644.0,,,,,,,,,
LIE,Liechtenstein,2002,3751.0,,,,,,,,,
LIE,Liechtenstein,2003,3772.0,,,,,,,,,
LIE,Liechtenstein,2004,3806.0,,,,,,,,,
LIE,Liechtenstein,2005,3764.0,,,,,,,,,
LIE,Liechtenstein,2006,3761.0,,,,,,,,,
LIE,Liechtenstein,2007,3733.0,,,,,,,,,
LIE,Liechtenstein,2008,3705.0,,,,,,,,,
LIE,Liechtenstein,2009,3664.0,,,,,,,,,
LIE,Liechtenstein,2010,3624.0,,,,,,,,,
LIE,Liechtenstein,2011,3553.0,,,,,,,,,
LIE,Liechtenstein,2012,3544.0,,,,,,,,,
LIE,Liechtenstein,2013,3476.0,,,,,,,,,
LIE,Liechtenstein,2014,3443.0,,,,,,,,,
LIE,Liechtenstein,2015,3414.0,,,,,,,,,
LIE,Liechtenstein,2016,3436.0,,,,,,,,,
LIE,Liechtenstein,2017,3401.0,,,,,,,,,
LIE,Liechtenstein,2018,3424.0,,,,,,,,,
LIE,Liechtenstein,2019,3451.0,,,,,,,,,
LIE,Liechtenstein,2020,3455.0,,,,,,,,,
LIE,Liechtenstein,2021,3465.0,,,,,,,,,
LIE,Liechtenstein,2022,3497.0,,,,,,,,,
LIE,Liechtenstein,2023,3437.0,,,,,,,,,
LTU,Lithuania,1970,,,,,,246575.0,,,,
LTU,Lithuania,1971,,,,,,242276.0,,,,
LTU,Lithuania,1972,,,,,,236205.0,,,,
LTU,Lithuania,1973,,,,,,228906.0,,,,
LTU,Lithuania,1974,,,,,,224027.0,,,,
LTU,Lithuania,1975,,,,,,220729.0,,,,
LTU,Lithuania,1976,,,,,,219327.0,,,,
LTU,Lithuania,1977,,,,,,219643.0,,,,
LTU,Lithuania,1978,,,,,,220759.0,,,,
LTU,Lithuania,1979,,,,,,222682.0,,,,
LTU,Lithuania,1980,,,,,,223051.0,,,,
LTU,Lithuania,1981,,,,,,221111.0,,,,
LTU,Lithuania,1982,,,,,,217776.0,,,,
LTU,Lithuania,1983,,,,,,214388.0,,,,
LTU,Lithuania,1984,,,,,,212185.0,,,,
LTU,Lithuania,1985,,,,,,212330.0,,,,
LTU,Lithuania,1986,,,,,,212848.0,,,,
LTU,Lithuania,1987,,,,,,213902.0,,,,
LTU,Lithuania,1988,,,,,,214940.0,,,,
LTU,Lithuania,1989,,,,,,215964.0,,,,
LTU,Lithuania,1990,,,,,,217057.0,,,,
LTU,Lithuania,1991,,,,,,220934.0,,,,
LTU,Lithuania,1992,,,,,,224578.0,,,,
LTU,Lithuania,1993,,,,,,228586.0,,,,
LTU,Lithuania,1994,,,,,,233003.0,,,,
LTU,Lithuania,1995,,,,,,233540.0,,,,
LTU,Lithuania,1996,,,,,,231370.0,,,,
LTU,Lithuania,1997,,,,,,227093.0,,,,
LTU,Lithuania,1998,,,,,,221731.0,,,,
LTU,Lithuania,1999,,,,,,215249.0,,,,
LTU,Lithuania,2000,,,,,,211530.0,,,,
LTU,Lithuania,2001,,,,,,205189.0,,,,
LTU,Lithuania,2002,,,,,,191518.0,,,,
LTU,Lithuania,2003,,,,,,178260.0,,,,
LTU,Lithuania,2004,,,,,,163716.0,,,,
LTU,Lithuania,2005,,,,,,153732.0,,,,
LTU,Lithuania,2006,,,,,,147431.0,,,,
LTU,Lithuania,2007,,,,,,142243.0,,,,
LTU,Lithuania,2008,,,,,,136402.0,,,,
LTU,Lithuania,2009,,,,,,129561.0,,,,
LTU,Lithuania,2010,,,,,,121944.0,,,,
LTU,Lithuania,2011,,,,,,114152.0,,,,
LTU,Lithuania,2012,,,,,,109361.0,,,,
LTU,Lithuania,2013,,,,,,107148.0,,,,
LTU,Lithuania,2014,,,,,,106438.0,,,,
LTU,Lithuania,2015,,,,,,105827.0,,,,
LTU,Lithuania,2016,,,,,,107096.0,,,,
LTU,Lithuania,2017,,,,,,109633.0,,,,
LTU,Lithuania,2018,,,,,,111855.0,,,,
LTU,Lithuania,2019,,,,,,114257.0,,,,
LTU,Lithuania,2020,,,,,,115425.0,,,,
LTU,Lithuania,2021,,,,,,115032.0,,,,
LTU,Lithuania,2022,,,,,,114071.0,,,,
LTU,Lithuania,2023,,,,,,116051.0,,,,
LVA,Latvia,1998,397925.0,,,,,,,,,
LVA,Latvia,1999,385030.0,,,,,,,,,
LVA,Latvia,2000,369630.0,,,,,,,,,
LVA,Latvia,2001,350879.0,,,,,,,,,
LVA,Latvia,2002,330861.0,,,,,,,,,
LVA,Latvia,2003,310643.0,,,,,,,,,
LVA,Latvia,2004,289901.0,,,,,,,,,
LVA,Latvia,2005,271133.0,,,,,,,,,
LVA,Latvia,2006,255338.0,,,,,,,,,
LVA,Latvia,2007,240196.0,,,,,,,,,
LVA,Latvia,2008,227833.0,,,,,,,,,
LVA,Latvia,2009,217828.0,,,,,,,,,
LVA,Latvia,2010,210906.0,,,,,,,,,
LVA,Latvia,2011,206571.0,,,,,,,,,
LVA,Latvia,2012,205931.0,,,,,,,,,
LVA,Latvia,2013,208245.0,,,,,,,,,
LVA,Latvia,2014,211896.0,,,,,,,,,
LVA,Latvia,2015,214828.0,,,,,,,,,
LVA,Latvia,2016,214938.0,,,,,,,,,
LVA,Latvia,2017,214156.0,,,,,,,,,
LVA,Latvia,2018,215508.0,,,,,,,,,
LVA,Latvia,2019,217460.0,,,,,,,,,
LVA,Latvia,2020,220171.0,,,,,,,,,
LVA,Latvia,2021,223787.0,,,,,,,,,
LVA,Latvia,2022,226062.0,,,,,,,,,
LVA,Latvia,2023,219432.0,,,,,,,,,
MAR,Morocco,1998,3977924.0,,,,,,,,,
MAR,Morocco,1999,3971117.0,,,,,,,,,
MAR,Morocco,2000,5942572.0,,,,,,,,,
MAR,Morocco,2001,5914844.0,,,,,,,,,
MAR,Morocco,2002,5878893.0,,,,,,,,,
MAR,Morocco,2003,5843024.0,,,,,,,,,
MAR,Morocco,2004,5816589.0,,,,,,,,,
MAR,Morocco,2005,5777149.0,,,,,,,,,
MAR,Morocco,2006,5720432.0,,,,,,,,,
MAR,Morocco,2007,5665825.0,,,,,,,,,
MAR,Morocco,2008,5616229.0,,,,,,,,,
MAR,Morocco,2009,5571807.0,,,,,,,,,
MAR,Morocco,2010,5540154.0,,,,,,,,,
MAR,Morocco,2011,5525036.0,,,,,,,,,
MAR,Morocco,2012,5521378.0,,,,,,,,,
MAR,Morocco,2013,5523911.0,,,,,,,,,
MAR,Morocco,2014,5539113.0,,,,,,,,,
MAR,Morocco,2015,5571490.0,,,,,,,,,
MAR,Morocco,2016,5615988.0,,,,,,,,,
MAR,Morocco,2017,5672282.0,,,,,,,,,
MAR,Morocco,2018,5747015.0,,,,,,,,,
MAR,Morocco,2019,5823193.0,,,,,,,,,
MAR,Morocco,2020,5899773.0,,,,,,,,,
MAR,Morocco,2021,5967161.0,,,,,,,,,
MAR,Morocco,2022,6024063.0,,,,,,,,,
MAR,Morocco,2023,6055463.0,,,,,,,,,
MDA,Moldova,2000,,,,,,,,,140836.0,
MDA,Moldova,2001,,,,,,,,,146506.0,
MDA,Moldova,2002,,,,,,,,,145491.0,
MDA,Moldova,2003,,,,,,,,,148562.0,
MDA,Moldova,2004,,,,,,,,,147658.0,
MDA,Moldova,2005,,,,,,,,,144418.0,
MDA,Moldova,2006,,,,,,,,,139195.0,
MDA,Moldova,2007,,,,,,,,,134063.0,
MDA,Moldova,2008,,,,,,,,,127401.0,
MDA,Moldova,2009,,,,,,,,,120783.0,
MDA,Moldova,2010,,,,,,,,,115824.0,
MDA,Moldova,2011,,,,,,,,,110546.0,
MDA,Moldova,2012,,,,,,,,,103161.0,
MDA,Moldova,2013,,,,,,,,,96186.0,
MDA,Moldova,2014,,,,,,,,,75691.0,
MDA,Moldova,2015,,,,,,,,,68659.0,
MDA,Moldova,2016,,,,,,,,,63089.0,
MDA,Moldova,2017,,,,,,,,,92003.0,
MDA,Moldova,2018,,,,,,,,,86880.0,
MDA,Moldova,2019,,,,,,,,,84618.0,
MDA,Moldova,2020,,,,,,,,,81217.0,
MDA,Moldova,2021,,,,,,,,,82138.0,
MDA,Moldova,2022,,,,,,,,,82728.0,
MDA,Moldova,2023,,,,,,,,,133808.0,
MDG,Madagascar,1971,,,,,,,,,,4.57390022277832
MDG,Madagascar,1972,,,,,,,,,,4.915040016174316
MDG,Madagascar,1973,,,,,,,,,,4.797369956970215
MDG,Madagascar,1974,,,,,,,,,,4.65684986114502
MDG,Madagascar,1975,,,,,,,,,,5.001780033111572
MDG,Madagascar,1976,,,,,,,,,,4.785860061645508
MDG,Madagascar,1977,,,,,,,,,,5.078929901123047
MDG,Madagascar,1978,,,,,,,,,,5.455920219421387
MDG,Madagascar,1979,,,,,,,,,,5.399919986724854
MDG,Madagascar,1980,,,,,,,,,,5.800670146942139
MDG,Madagascar,1981,,,,,,,,,,6.20757007598877
MDG,Madagascar,1982,,,,,,,,,,6.059040069580078
MDG,Madagascar,1983,,,,,,,,,,5.552750110626221
MDG,Madagascar,1985,,,,,,,,,,5.228750228881836
MDG,Madagascar,1988,,,,,,,,,,4.547289848327637
MDG,Madagascar,1989,,,,,,,,,,4.772280216217041
MDG,Madagascar,1990,,,,,,,,,,4.627230167388916
MDG,Madagascar,1991,,,,,,,,,,4.614930152893066
MDG,Madagascar,1992,,,,,,,,,,4.155809879302979
MDG,Madagascar,1993,,,,,,,,,,4.122620105743408
MDG,Madagascar,1994,,,,,,,,,,4.060120105743408
MDG,Madagascar,1995,,,,,,,,,,4.249249935150146
MDG,Madagascar,1996,,,,,,,,,,4.277309894561768
MDG,Madagascar,1998,,,,,,,,,,4.403439998626709
MDG,Madagascar,1999,,,,,,,,,,4.772709846496582
MDG,Madagascar,2000,,,,,,,,,,5.074699878692627
MDG,Madagascar,2001,,,,,,,,,,5.101880073547363
MDG,Madagascar,2002,,,,,,,,,,5.126639842987061
MDG,Madagascar,2003,,,,,,,,,,5.850419998168945
MDG,Madagascar,2004,,,,,,,,,,6.63824987411499
MDG,Madagascar,2005,,,,,,,,,,6.878369808197021
MDG,Madagascar,2006,,,,,,,,,,6.871039867401123
MDG,Madagascar,2007,,,,,,,,,,6.963399887084961
MDG,Madagascar,2008,,,,,,,,,,7.140069961547852
MDG,Madagascar,2009,,,,,,,,,,7.537799835205078
MDG,Madagascar,2010,,,,,,,,,,7.240059852600098
MDG,Madagascar,2011,,,,,,,,,,7.188290119171143
MDG,Madagascar,2012,,,,,,,,,,7.204969882965088
MDG,Madagascar,2013,,,,,,,,,,7.194829940795898
MDG,Madagascar,2014,,,,,,,,,,7.243030071258545
MDG,Madagascar,2015,,,,,,,,,,7.335030078887939
MDG,Madagascar,2016,,,,,,,,,,7.144629955291748
MDG,Madagascar,2018,,,,,,,,,,7.039619922637939
MDG,Madagascar,2019,,,,,,,,,,6.671549797058105
MLI,Mali,1970,,,0.0,,,,,,,
MLI,Mali,1971,,,0.0,,,,,,,
MLI,Mali,1972,,,0.0,,,,,,,
MLI,Mali,1973,,,0.0,,,,,,,
MLI,Mali,1974,,,0.0,,,,,,,
MLI,Mali,1975,,,0.0,,,,,,,
MLI,Mali,1976,,,0.0,,,,,,,
MLI,Mali,1977,,,0.0,,,,,,,
MLI,Mali,1978,,,0.0,,,,,,,
MLI,Mali,1979,,,0.0,,,,,,,
MLI,Mali,1980,,,0.0,,,,,,,
MLI,Mali,1981,,,0.0,,,,,,,
MLI,Mali,1982,,,0.0,,,,,,,
MLI,Mali,1983,,,0.0,,,,,,,
MLI,Mali,1984,,,0.0,,,,,,,
MLI,Mali,1985,,,0.0,,,,,,,
MLI,Mali,1986,,,0.0,,,,,,,
MLI,Mali,1987,,,0.0,,,,,,,
MLI,Mali,1988,,,0.0,,,,,,,
MLI,Mali,1989,,,0.0,,,,,,,
MLI,Mali,1990,,,0.0,,,,,,,
MLI,Mali,1991,,,0.0,,,,,,,
MLI,Mali,1992,,,0.0,,,,,,,
MLI,Mali,1993,,,0.0,,,,,,,
MLI,Mali,1994,,,0.0,,,,,,,
MLI,Mali,1995,,,0.0,,,,,,,
MLI,Mali,1996,,,0.0,,,,,,,
MLI,Mali,1997,,,0.0,,,,,,,
MLI,Mali,1998,,,0.0,,,,,,,
MLI,Mali,1999,,,0.0,,,,,,,
MLI,Mali,2000,,,0.0,,,,,,,
MLI,Mali,2001,,,0.0,,,,,,,
MLI,Mali,2002,,,0.0,,,,,,,
MLI,Mali,2003,,,0.0,,,,,,,
MLI,Mali,2004,,,0.0,,,,,,,
MLI,Mali,2005,,,0.0,,,,,,,
MLI,Mali,2006,,,0.0,,,,,,,
MLI,Mali,2007,,,0.0,,,,,,,
MLI,Mali,2008,,,0.0,,,,,,,
MLI,Mali,2009,,,0.0,,,,,,,
MLI,Mali,2010,,,0.0,,,,,,,
MLI,Mali,2011,,,0.0,,,,,,,
MLI,Mali,2012,,,0.0,,,,,,,
MLI,Mali,2013,,,0.0,,,,,,,
MLI,Mali,2014,,,0.0,,,,,,,
MLI,Mali,2015,,,0.0,,,,,,,
MLI,Mali,2016,,,0.0,,,,,,,
MLI,Mali,2017,,,0.0,,,,,,,
MLI,Mali,2018,,,0.0,,,,,,,
MOZ,Mozambique,1970,,0.0,,,,,,,,
MOZ,Mozambique,1971,,0.0,,,,,,,,
MOZ,Mozambique,1972,,0.0,,,,,,,,
MOZ,Mozambique,1973,,0.0,,,,,,,,
MOZ,Mozambique,1974,,0.0,,,,,,,,
MOZ,Mozambique,1975,,0.0,,,,,,,,
MOZ,Mozambique,1976,,0.0,,,,,,,,
MOZ,Mozambique,1977,,0.0,,,,,,,,
MOZ,Mozambique,1978,,0.0,,,,,,,,
MOZ,Mozambique,1979,,0.0,,,,,,,,
MOZ,Mozambique,1980,,0.0,,,,,,,,
MOZ,Mozambique,1981,,0.0,,,,,,,,
MOZ,Mozambique,1982,,0.0,,,,,,,,
MOZ,Mozambique,1983,,0.0,,,,,,,,
MOZ,Mozambique,1984,,0.0,,,,,,,,
MOZ,Mozambique,1985,,0.0,,,,,,,,
MOZ,Mozambique,1986,,0.0,,,,,,,,
MOZ,Mozambique,1987,,0.0,,,,,,,,
MOZ,Mozambique,1988,,0.0,,,,,,,,
MOZ,Mozambique,1989,,0.0,,,,,,,,
MOZ,Mozambique,1990,,0.0,,,,,,,,
MOZ,Mozambique,1991,,0.0,,,,,,,,
MOZ,Mozambique,1992,,0.0,,,,,,,,
MOZ,Mozambique,1993,,0.0,,,,,,,,
MOZ,Mozambique,1994,,0.0,,,,,,,,
MOZ,Mozambique,1995,,0.0,,,,,,,,
MOZ,Mozambique,1996,,0.0,,,,,,,,
MOZ,Mozambique,1997,,0.0,,,,,,,,
MOZ,Mozambique,1998,,0.0,,,,,,,,
MOZ,Mozambique,1999,,0.0,,,,,,,,
MOZ,Mozambique,2000,,0.0,,,,,,,,
MOZ,Mozambique,2001,,0.0,,,,,,,,
MOZ,Mozambique,2002,,0.0,,,,,,,,
MOZ,Mozambique,2003,,0.0,,,,,,,,
MOZ,Mozambique,2004,,0.0,,,,,,,,
MOZ,Mozambique,2005,,0.0,,,,,,,,
MOZ,Mozambique,2006,,0.0,,,,,,,,
MOZ,Mozambique,2007,,0.0,,,,,,,,
MOZ,Mozambique,2008,,0.0,,,,,,,,
MOZ,Mozambique,2009,,0.0,,,,,,,,
MOZ,Mozambique,2010,,0.0,,,,,,,,
MOZ,Mozambique,2011,,0.0,,,,,,,,
MOZ,Mozambique,2012,,0.0,,,,,,,,
MOZ,Mozambique,2013,,0.0,,,,,,,,
MOZ,Mozambique,2014,,0.0,,,,,,,,
MOZ,Mozambique,2015,,0.0,,,,,,,,
MOZ,Mozambique,2016,,0.0,,,,,,,,
MOZ,Mozambique,2017,,0.0,,,,,,,,
MOZ,Mozambique,2018,,0.0,,,,,,,,
MOZ,Mozambique,2019,,0.0,,,,,,,,
MOZ,Mozambique,2020,,0.0,,,,,,,,
MOZ,Mozambique,2021,,0.0,,,,,,,,
MOZ,Mozambique,2022,,0.0,,,,,,,,
MOZ,Mozambique,2023,,0.0,,,,,,,,
NZL,New Zealand,1970,,0.0,,,,371722.0,,,158028.0,
NZL,New Zealand,1971,,0.0,,,,369623.0,,,161671.0,
NZL,New Zealand,1972,,0.0,,,,368197.0,,,165530.0,
NZL,New Zealand,1973,,0.0,,,,366484.0,,,170385.0,
NZL,New Zealand,1974,,0.0,,,,365399.0,,,175849.0,
NZL,New Zealand,1975,,0.0,,,,367420.0,,,180492.0,
NZL,New Zealand,1976,,0.0,,,,372337.0,,,185447.0,
NZL,New Zealand,1977,,0.0,,,,375895.0,,,191191.0,
NZL,New Zealand,1978,,0.0,,,,375318.0,,,195015.0,
NZL,New Zealand,1979,,0.0,,,,370808.0,,,195016.0,
NZL,New Zealand,1980,,0.0,,,,362073.0,,,191289.0,
NZL,New Zealand,1981,,0.0,,,,352691.0,,,184810.0,
NZL,New Zealand,1982,,0.0,,,,343375.0,,,179775.0,
NZL,New Zealand,1983,,0.0,,,,332463.0,,,178868.0,
NZL,New Zealand,1984,,0.0,,,,322589.0,,,180493.0,
NZL,New Zealand,1985,,0.0,,,,314838.0,,,183121.0,
NZL,New Zealand,1986,,0.0,,,,309056.0,,,184738.0,
NZL,New Zealand,1987,,0.0,,,,304662.0,,,185280.0,
NZL,New Zealand,1988,,0.0,,,,301209.0,,,184437.0,
NZL,New Zealand,1989,,0.0,,,,299449.0,,,180289.0,
NZL,New Zealand,1990,,0.0,,,,300193.0,,,173998.0,
NZL,New Zealand,1991,,0.0,,,,310842.0,,,170494.0,
NZL,New Zealand,1992,,0.0,,,,313037.0,,,165065.0,
NZL,New Zealand,1993,,0.0,,,,316716.0,,,160920.0,
NZL,New Zealand,1994,,0.0,,,,324091.0,,,158798.0,
NZL,New Zealand,1995,,0.0,,,,333471.0,,,158967.0,
NZL,New Zealand,1996,,0.0,,,,344739.0,,,161313.0,
NZL,New Zealand,1997,,0.0,,,,355251.0,,,163570.0,
NZL,New Zealand,1998,,0.0,,,,362574.0,,,163481.0,
NZL,New Zealand,1999,,0.0,,,,365394.0,,,162776.0,
NZL,New Zealand,2000,,0.0,,,,364020.0,,,164450.0,
NZL,New Zealand,2001,,0.0,,,,358460.0,,,167240.0,
NZL,New Zealand,2002,,0.0,,,,356180.0,,,171830.0,
NZL,New Zealand,2003,,0.0,,,,356610.0,,,177410.0,
NZL,New Zealand,2004,,0.0,,,,354240.0,,,181970.0,
NZL,New Zealand,2005,,0.0,,,,353450.0,,,187610.0,
NZL,New Zealand,2006,,0.0,,,,352230.0,,,192920.0,
NZL,New Zealand,2007,,0.0,,,,350970.0,,,193510.0,
NZL,New Zealand,2008,,0.0,,,,350520.0,,,191910.0,
NZL,New Zealand,2009,,0.0,,,,350960.0,,,188450.0,
NZL,New Zealand,2010,,0.0,,,,351900.0,,,188060.0,
NZL,New Zealand,2011,,0.0,,,,350600.0,,,187230.0,
NZL,New Zealand,2012,,0.0,,,,351520.0,,,186680.0,
NZL,New Zealand,2013,,0.0,,,,357300.0,,,186420.0,
NZL,New Zealand,2014,,0.0,,,,365130.0,,,185310.0,
NZL,New Zealand,2015,,0.0,,,,373770.0,,,187030.0,
NZL,New Zealand,2016,,0.0,,,,382490.0,,,188660.0,
NZL,New Zealand,2017,,0.0,,,,390180.0,,,189460.0,
NZL,New Zealand,2018,,0.0,,,,393980.0,,,188360.0,
NZL,New Zealand,2019,,0.0,,,,394890.0,,,187280.0,
NZL,New Zealand,2020,,0.0,,,,396880.0,,,188280.0,
NZL,New Zealand,2021,,0.0,,,,393030.0,,,188540.0,
NZL,New Zealand,2022,,0.0,,,,389050.0,,,191950.0,
NZL,New Zealand,2023,,0.0,,,,384315.0,,,195491.0,
OMN,Oman,1970,,,,,,,,27667.0,,
OMN,Oman,1971,,,,,,,,27938.0,,
OMN,Oman,1972,,,,,,,,29037.0,,
OMN,Oman,1973,,,,,,,,30331.0,,
OMN,Oman,1974,,,,,,,,31353.0,,
OMN,Oman,1975,,,,,,,,33092.0,,
OMN,Oman,1976,,,,,,,,35100.0,,
OMN,Oman,1977,,,,,,,,37458.0,,
OMN,Oman,1978,,,,,,,,40083.0,,
OMN,Oman,1979,,,,,,,,42866.0,,
OMN,Oman,1980,,,,,,,,45648.0,,
OMN,Oman,1981,,,,,,,,48332.0,,
OMN,Oman,1982,,,,,,,,51079.0,,
OMN,Oman,1983,,,,,,,,53796.0,,
OMN,Oman,1984,,,,,,,,56364.0,,
OMN,Oman,1985,,,,,,,,58751.0,,
OMN,Oman,1986,,,,,,,,65814.0,,
OMN,Oman,1987,,,,,,,,72703.0,,
OMN,Oman,1988,,,,,,,,79400.0,,
OMN,Oman,1989,,,,,,,,85901.0,,
OMN,Oman,1990,,,,,,,,92172.0,,
OMN,Oman,1991,,,,,,,,98178.0,,
OMN,Oman,1992,,,,,,,,103820.0,,
OMN,Oman,1993,,,,,,,,108546.0,,
OMN,Oman,1994,,,,,,,,112025.0,,
OMN,Oman,1995,,,,,,,,114236.0,,
OMN,Oman,1996,,,,,,,,117164.0,,
OMN,Oman,1997,,,,,,,,120911.0,,
OMN,Oman,1998,,,,,,,,126271.0,,
OMN,Oman,1999,,,,,,,,131488.0,,
OMN,Oman,2000,,,,,,,,131764.0,,
OMN,Oman,2001,,,,,,,,136187.0,,
OMN,Oman,2002,,,,,,,,137842.0,,
OMN,Oman,2003,,,,,,,,131486.0,,
OMN,Oman,2004,,,,,,,,140430.0,,
OMN,Oman,2005,,,,,,,,147601.0,,
OMN,Oman,2006,,,,,,,,151754.0,,
OMN,Oman,2007,,,,,,,,158437.0,,
OMN,Oman,2008,,,,,,,,161818.0,,
OMN,Oman,2009,,,,,,,,198857.0,,
OMN,Oman,2010,,,,,,,,152248.0,,
OMN,Oman,2011,,,,,,,,153815.0,,
OMN,Oman,2012,,,,,,,,161636.0,,
OMN,Oman,2013,,,,,,,,163264.0,,
OMN,Oman,2014,,,,,,,,155551.0,,
OMN,Oman,2015,,,,,,,,153166.0,,
OMN,Oman,2016,,,,,,,,156999.0,,
OMN,Oman,2017,,,,,,,,155016.0,,
OMN,Oman,2018,,,,,,,,144730.0,,
OMN,Oman,2019,,,,,,,,142726.0,,
OMN,Oman,2020,,,,,,,,131329.0,,
OMN,Oman,2021,,,,,,,,138397.0,,
OMN,Oman,2022,,,,,,,,168954.0,,
OMN,Oman,2023,,,,,,,,135679.0,,
PRT,Portugal,1970,,,,,471713.0,,,,,
PRT,Portugal,1971,,,,,480135.0,,,,,
PRT,Portugal,1972,,,,,481886.0,,,,,
PRT,Portugal,1973,,,,,494125.0,,,,,
PRT,Portugal,1974,,,,,495279.0,,,,,
PRT,Portugal,1975,,,,,507418.0,,,,,
PRT,Portugal,1976,,,,,508007.0,,,,,
PRT,Portugal,1977,,,,,515139.0,,,,,
PRT,Portugal,1978,,,,,518485.0,,,,,
PRT,Portugal,1979,,,,,520868.0,,,,,
PRT,Portugal,1980,,,,,516514.0,,,,,
PRT,Portugal,1981,,,,,512770.0,,,,,
PRT,Portugal,1982,,,,,506399.0,,,,,
PRT,Portugal,1983,,,,,504479.0,,,,,
PRT,Portugal,1984,,,,,504111.0,,,,,
PRT,Portugal,1985,,,,,507401.0,,,,,
PRT,Portugal,1986,,,,,507749.0,,,,,
PRT,Portugal,1987,,,,,510581.0,,,,,
PRT,Portugal,1988,,,,,514213.0,,,,,
PRT,Portugal,1989,,,,,517436.0,,,,,
PRT,Portugal,1990,,,,,509106.0,,,,,
PRT,Portugal,1991,,,,,487670.0,,,,,
PRT,Portugal,1992,,,,,466289.0,,,,,
PRT,Portugal,1993,,,,,448055.0,,,,,
PRT,Portugal,1994,,,,,435468.0,,,,,
PRT,Portugal,1995,,,,,425025.0,,,,,
PRT,Portugal,1996,,,,,411143.0,,,,,
PRT,Portugal,1997,,,,,400367.0,,,,,
PRT,Portugal,1998,,,,,384724.0,,,,,
PRT,Portugal,1999,,,,,370682.0,,,,,
PRT,Portugal,2000,,,,,356654.0,,,,,
PRT,Portugal,2001,,,,,351932.0,,,,,
PRT,Portugal,2002,,,,,345579.0,,,,,
PRT,Portugal,2003,,,,,344634.0,,,,,
PRT,Portugal,2004,,,,,345035.0,,,,,
PRT,Portugal,2005,,,,,346034.0,,,,,
PRT,Portugal,2006,,,,,344690.0,,,,,
PRT,Portugal,2007,,,,,337639.0,,,,,
PRT,Portugal,2008,,,,,332259.0,,,,,
PRT,Portugal,2009,,,,,328527.0,,,,,
PRT,Portugal,2010,,,,,330418.0,,,,,
PRT,Portugal,2011,,,,,332548.0,,,,,
PRT,Portugal,2012,,,,,335977.0,,,,,
PRT,Portugal,2013,,,,,341195.0,,,,,
PRT,Portugal,2014,,,,,337383.0,,,,,
PRT,Portugal,2015,,,,,330817.0,,,,,
PRT,Portugal,2016,,,,,321081.0,,,,,
PRT,Portugal,2017,,,,,317992.0,,,,,
PRT,Portugal,2018,,,,,316063.0,,,,,
PRT,Portugal,2019,,,,,311107.0,,,,,
PRT,Portugal,2020,,,,,307032.0,,,,,
PRT,Portugal,2021,,,,,303430.0,,,,,
PRT,Portugal,2022,,,,,295318.0,,,,,
PRT,Portugal,2023,,,,,300429.0,,,,,
SOM,Somalia,1970,,,,46111.0,,,,,,
SOM,Somalia,1971,,,,47188.0,,,,,,
SOM,Somalia,1972,,,,48273.0,,,,,,
SOM,Somalia,1973,,,,49405.0,,,,,,
SOM,Somalia,1974,,,,50632.0,,,,,,
SOM,Somalia,1975,,,,51814.0,,,,,,
SOM,Somalia,1976,,,,53034.0,,,,,,
SOM,Somalia,1977,,,,54303.0,,,,,,
SOM,Somalia,1978,,,,55698.0,,,,,,
SOM,Somalia,1979,,,,62080.0,,,,,,
SOM,Somalia,1980,,,,70865.0,,,,,,
SOM,Somalia,1981,,,,73534.0,,,,,,
SOM,Somalia,1982,,,,71419.0,,,,,,
SOM,Somalia,1983,,,,73446.0,,,,,,
SOM,Somalia,1984,,,,75413.0,,,,,,
SOM,Somalia,1985,,,,77920.0,,,,,,
SOM,Somalia,1986,,,,80619.0,,,,,,
SOM,Somalia,1987,,,,84463.0,,,,,,
SOM,Somalia,1988,,,,87740.0,,,,,,
SOM,Somalia,1989,,,,86292.0,,,,,,
SOM,Somalia,1990,,,,87414.0,,,,,,
SOM,Somalia,1991,,,,87809.0,,,,,,
SOM,Somalia,1992,,,,83156.0,,,,,,
SOM,Somalia,1993,,,,83514.0,,,,,,
SOM,Somalia,1994,,,,89950.0,,,,,,
SOM,Somalia,1995,,,,92548.0,,,,,,
SOM,Somalia,1996,,,,96604.0,,,,,,
SOM,Somalia,1997,,,,99319.0,,,,,,
SOM,Somalia,1998,,,,102870.0,,,,,,
SOM,Somalia,1999,,,,106338.0,,,,,,
SOM,Somalia,2000,,,,108541.0,,,,,,
SOM,Somalia,2001,,,,108063.0,,,,,,
SOM,Somalia,2002,,,,103841.0,,,,,,
SOM,Somalia,2003,,,,104356.0,,,,,,
SOM,Somalia,2004,,,,120329.0,,,,,,
SOM,Somalia,2005,,,,136555.0,,,,,,
SOM,Somalia,2006,,,,141584.0,,,,,,
SOM,Somalia,2007,,,,145235.0,,,,,,
SOM,Somalia,2008,,,,150069.0,,,,,,
SOM,Somalia,2009,,,,154971.0,,,,,,
SOM,Somalia,2010,,,,158766.0,,,,,,
SOM,Somalia,2011,,,,162765.0,,,,,,
SOM,Somalia,2012,,,,163627.0,,,,,,
SOM,Somalia,2013,,,,168169.0,,,,,,
SOM,Somalia,2014,,,,174392.0,,,,,,
SOM,Somalia,2015,,,,179865.0,,,,,,
SOM,Somalia,2016,,,,185398.0,,,,,,
SOM,Somalia,2017,,,,192849.0,,,,,,
SOM,Somalia,2018,,,,199660.0,,,,,,
SOM,Somalia,2019,,,,206804.0,,,,,,
SOM,Somalia,2020,,,,214373.0,,,,,,
SOM,Somalia,2021,,,,220517.0,,,,,,
SOM,Somalia,2022,,,,228019.0,,,,,,
SOM,Somalia,2023,,,,255667.0,,,,,,
WSM,Samoa,1970,,0.0,,,,,,,,
WSM,Samoa,1971,,0.0,,,,,,,,
WSM,Samoa,1972,,0.0,,,,,,,,
WSM,Samoa,1973,,0.0,,,,,,,,
WSM,Samoa,1974,,0.0,,,,,,,,
WSM,Samoa,1975,,0.0,,,,,,,,
WSM,Samoa,1976,,0.0,,,,,,,,
WSM,Samoa,1977,,0.0,,,,,,,,
WSM,Samoa,1978,,0.0,,,,,,,,
WSM,Samoa,1979,,0.0,,,,,,,,
WSM,Samoa,1980,,0.0,,,,,,,,
WSM,Samoa,1981,,0.0,,,,,,,,
WSM,Samoa,1982,,0.0,,,,,,,,
WSM,Samoa,1983,,0.0,,,,,,,,
WSM,Samoa,1984,,0.0,,,,,,,,
WSM,Samoa,1985,,0.0,,,,,,,,
WSM,Samoa,1986,,0.0,,,,,,,,
WSM,Samoa,1987,,0.0,,,,,,,,
WSM,Samoa,1988,,0.0,,,,,,,,
WSM,Samoa,1989,,0.0,,,,,,,,
WSM,Samoa,1990,,0.0,,,,,,,,
WSM,Samoa,1991,,0.0,,,,,,,,
WSM,Samoa,1992,,0.0,,,,,,,,
WSM,Samoa,1993,,0.0,,,,,,,,
WSM,Samoa,1994,,0.0,,,,,,,,
WSM,Samoa,1995,,0.0,,,,,,,,
WSM,Samoa,1996,,0.0,,,,,,,,
WSM,Samoa,1997,,0.0,,,,,,,,
WSM,Samoa,1998,,0.0,,,,,,,,
WSM,Samoa,1999,,0.0,,,,,,,,
WSM,Samoa,2000,,0.0,,,,,,,,
WSM,Samoa,2001,,0.0,,,,,,,,
WSM,Samoa,2002,,0.0,,,,,,,,
WSM,Samoa,2003,,0.0,,,,,,,,
WSM,Samoa,2004,,0.0,,,,,,,,
WSM,Samoa,2005,,0.0,,,,,,,,
WSM,Samoa,2006,,0.0,,,,,,,,
WSM,Samoa,2007,,0.0,,,,,,,,
WSM,Samoa,2008,,0.0,,,,,,,,
WSM,Samoa,2009,,0.0,,,,,,,,
WSM,Samoa,2010,,0.0,,,,,,,,
WSM,Samoa,2011,,0.0,,,,,,,,
WSM,Samoa,2012,,0.0,,,,,,,,
WSM,Samoa,2013,,0.0,,,,,,,,
WSM,Samoa,2014,,0.0,,,,,,,,
WSM,Samoa,2015,,0.0,,,,,,,,
WSM,Samoa,2016,,0.0,,,,,,,,
WSM,Samoa,2017,,0.0,,,,,,,,
WSM,Samoa,2018,,0.0,,,,,,,,
WSM,Samoa,2019,,0.0,,,,,,,,
WSM,Samoa,2020,,0.0,,,,,,,,
WSM,Samoa,2021,,0.0,,,,,,,,
WSM,Samoa,2022,,0.0,,,,,,,,
WSM,Samoa,2023,,0.0,,,,,,,,
ZAF,South Africa,1970,,,,,,,,,911578.0,
ZAF,South Africa,1971,,,,,,,,,940734.0,
ZAF,South Africa,1972,,,,,,,,,968392.0,
ZAF,South Africa,1973,,,,,,,,,1001105.0,
ZAF,South Africa,1974,,,,,,,,,1035038.0,
ZAF,South Africa,1975,,,,,,,,,1063580.0,
ZAF,South Africa,1976,,,,,,,,,1079609.0,
ZAF,South Africa,1977,,,,,,,,,1091164.0,
ZAF,South Africa,1978,,,,,,,,,1123399.0,
ZAF,South Africa,1979,,,,,,,,,1157296.0,
ZAF,South Africa,1980,,,,,,,,,1185951.0,
ZAF,South Africa,1981,,,,,,,,,1213368.0,
ZAF,South Africa,1982,,,,,,,,,1271909.0,
ZAF,South Africa,1983,,,,,,,,,1345380.0,
ZAF,South Africa,1984,,,,,,,,,1449585.0,
ZAF,South Africa,1985,,,,,,,,,1558252.0,
ZAF,South Africa,1986,,,,,,,,,1698750.0,
ZAF,South Africa,1987,,,,,,,,,1687561.0,
ZAF,South Africa,1988,,,,,,,,,1644755.0,
ZAF,South Africa,1989,,,,,,,,,1572269.0,
ZAF,South Africa,1990,,,,,,,,,1479755.0,
ZAF,South Africa,1991,,,,,,,,,1387534.0,
ZAF,South Africa,1992,,,,,,,,,1311188.0,
ZAF,South Africa,1993,,,,,,,,,1313605.0,
ZAF,South Africa,1994,,,,,,,,,1387159.0,
ZAF,South Africa,1995,,,,,,,,,1517225.0,
ZAF,South Africa,1996,,,,,,,,,1688106.0,
ZAF,South Africa,1997,,,,,,,,,2666092.0,
ZAF,South Africa,1998,,,,,,,,,2849010.0,
ZAF,South Africa,1999,,,,,,,,,2990523.0,
ZAF,South Africa,2000,,,,,,,,,3087538.0,
ZAF,South Africa,2001,,,,,,,,,3180229.0,
ZAF,South Africa,2002,,,,,,,,,3264966.0,
ZAF,South Africa,2003,,,,,,,,,3392718.0,
ZAF,South Africa,2004,,,,,,,,,3523742.0,
ZAF,South Africa,2005,,,,,,,,,3615317.0,
ZAF,South Africa,2006,,,,,,,,,3626770.0,
ZAF,South Africa,2007,,,,,,,,,3564692.0,
ZAF,South Africa,2008,,,,,,,,,3503373.0,
ZAF,South Africa,2009,,,,,,,,,3425468.0,
ZAF,South Africa,2010,,,,,,,,,3369067.0,
ZAF,South Africa,2011,,,,,,,,,3299155.0,
ZAF,South Africa,2012,,,,,,,,,3248224.0,
ZAF,South Africa,2013,,,,,,,,,3177439.0,
ZAF,South Africa,2014,,,,,,,,,3063477.0,
ZAF,South Africa,2015,,,,,,,,,2952338.0,
ZAF,South Africa,2016,,,,,,,,,2893140.0,
ZAF,South Africa,2017,,,,,,,,,2754383.0,
ZAF,South Africa,2018,,,,,,,,,2705916.0,
ZAF,South Africa,2019,,,,,,,,,2661916.0,
ZAF,South Africa,2020,,,,,,,,,2679495.0,
ZAF,South Africa,2021,,,,,,,,,2748887.0,
ZAF,South Africa,2022,,,,,,,,,2866051.0,
ZAF,South Africa,2023,,,,,,,,,2994873.0,
