Country name,avg_all_roots_z_M,avg_all_roots_z_F,n_roots_used,diff_abs_F_M_z,gap_category,gap_binary_high
Afghanistan,-1.0088117874398386,-1.5864883660298092,2,0.5776765785899707,Very large,1
Albania,-0.4904845236299399,-0.3905436435090158,17,0.09994088012092406,Moderate,0
Algeria,-0.37425681603921035,-0.22514961353888321,32,0.14910720250032714,Moderate,1
Angola,-1.4793981170924289,-1.8792111673454497,2,0.39981305025302083,Very large,1
Antigua and Barbuda,-0.1665215047625007,-0.027104864319059757,2,0.13941664044344093,Moderate,1
Argentina,-0.17656297365854406,-0.15378336416101573,26,0.02277960949752833,Very small,0
Armenia,-0.039323933826689396,-0.024821607852125567,29,0.014502325974563829,Very small,0
Australia,0.19952131311638993,0.12266604786947329,35,0.07685526524691665,Moderate,0
Austria,0.15651607101189574,0.06238218641558694,20,0.09413388459630881,Moderate,0
Azerbaijan,-0.19989410033517208,-0.15673224565254043,29,0.043161854682631645,Very small,0
Bahrain,0.09286291931377434,-0.005751256520034626,26,0.09861417583380896,Moderate,0
Bangladesh,0.5953887563428701,0.6165776782062368,7,0.021188921863366628,Very small,0
Belarus,0.2388864464870517,0.18647429643760266,11,0.05241215004944905,Moderate,0
Belgium,0.04486417912391299,-0.02543535615653623,35,0.07029953528044922,Moderate,0
Belize,0.5131286107074549,0.4856394319442984,12,0.02748917876315643,Very small,0
Benin,-0.1655134374844569,-0.25775522048795485,14,0.09224178300349795,Moderate,0
Bhutan,-0.5835287387051884,-0.7638040228761034,2,0.18027528417091498,Large,1
Bosnia and Herzegovina,-0.4411305763103454,-0.39567213733978696,23,0.04545843897055846,Very small,0
Botswana,0.1835912175978857,0.058833881906654624,34,0.12475733569123107,Moderate,1
Brazil,-0.7577378191175522,-0.8303668746389595,13,0.0726290555214073,Moderate,0
Brunei Darussalam,-0.4905182582720487,-0.44243911046403606,11,0.048079147808012646,Very small,0
Bulgaria,-0.028316972885318255,0.03290487372595695,35,0.06122184661127521,Moderate,0
Burkina Faso,0.42747923420604633,0.36084838896232546,23,0.06663084524372087,Moderate,0
Burundi,-0.10375863637333392,-0.1106419440697259,22,0.006883307696391977,Very small,0
Cambodia,-0.0010020229372853324,-0.10812034672686366,23,0.10711832378957832,Moderate,1
Cameroon,0.2334273021515138,0.3572599422857391,23,0.12383264013422529,Moderate,1
Canada,0.1605698012121345,0.11542157110180433,35,0.04514823011033016,Very small,0
Chad,0.3646285686895444,0.4798099165320059,23,0.11518134784246148,Moderate,1
Chile,-0.177760194462355,-0.18154014048473108,38,0.0037799460223760795,Very small,0
China,0.4644158982212796,0.36411726212885065,2,0.10029863609242895,Moderate,1
Colombia,-0.19784377944390666,-0.1803493952319998,38,0.017494384211906855,Very small,0
Comoros,-0.7041441180096107,-0.9054419240294322,2,0.2012978060198215,Large,1
"Congo, Dem Rep",0.5566961850633007,0.5480611774750228,23,0.008635007588277843,Very small,0
"Congo, Rep",0.16157941498879907,0.11855348746252971,23,0.04302592752626937,Very small,0
Costa Rica,-0.3986796012110609,-0.45097924038303416,23,0.05229963917197328,Moderate,0
Cote d'Ivoire,0.1341170028386399,0.17742680855875065,23,0.043309805720110756,Very small,0
Croatia,-0.0815844647979023,-0.05105657428125739,20,0.030527890516644902,Very small,0
Cyprus,-0.04211130034282011,-0.08490737849454147,26,0.04279607815172136,Very small,0
Czech Republic,1.1669534960043464,1.112884632309771,2,0.05406886369457542,Moderate,0
Czechia,-0.06414210493745325,-0.007879631443249324,24,0.05626247349420392,Moderate,0
Denmark,-0.0060892364613603315,-0.04706809740201855,32,0.04097886094065822,Very small,0
Dominica,-0.15003211863564098,0.004841318951436663,2,0.15487343758707764,Large,1
Dominican Republic,-0.36487440017371087,-0.38555034438443475,23,0.020675944210723884,Very small,0
Ecuador,0.5876500101825454,0.518601018873384,14,0.06904899130916142,Moderate,0
"Egypt, Arab Rep",0.5280341644570673,0.6099301340725249,11,0.08189596961545764,Moderate,0
El Salvador,0.18607730833440733,0.3109550066793568,26,0.1248776983449495,Moderate,1
Estonia,0.7176146424260469,0.7032369257479641,17,0.014377716678082741,Very small,0
Eswatini,-0.9981791909735674,-0.9603751077530672,5,0.03780408322050022,Very small,0
Ethiopia,-1.205725539718892,-1.4401892666604392,2,0.23446372694154727,Large,1
Fiji,-0.6401194868168971,-0.32873184490531876,2,0.31138764191157836,Very large,1
Finland,0.21680454154013082,0.5218080948016104,35,0.30500355326147954,Very large,1
France,-0.05043502580043277,-0.07568167309218737,35,0.025246647291754604,Very small,0
Gabon,-0.19887440270338264,-0.1761916169696432,23,0.02268278573373944,Very small,0
"Gambia, The",-1.3158226860418194,-1.283679431175055,2,0.03214325486676439,Very small,0
Georgia,-0.35443389235871076,-0.3132494302548115,35,0.041184462103899255,Very small,0
Germany,0.3090327113634956,0.20591172572557115,20,0.10312098563792443,Moderate,1
Ghana,0.5172675833073455,0.9791212136401914,8,0.461853630332846,Very large,1
Greece,-0.14551244328334453,-0.15213281600952372,23,0.006620372726179186,Very small,0
Grenada,-0.345698674561029,-0.11379225002739411,2,0.23190642453363486,Large,1
Guatemala,0.04739394099602974,0.1367353111447421,23,0.08934137014871237,Moderate,0
Guinea,0.4952573497460539,0.5427361857380208,23,0.04747883599196695,Very small,0
Guyana,-0.9390152800234279,-0.7463993192955263,2,0.19261596072790166,Large,1
Haiti,-1.0611819133225449,-0.9719389033936485,2,0.08924300992889633,Moderate,0
Honduras,-0.016517929923572712,0.07313849184393341,38,0.08965642176750613,Moderate,0
"Hong Kong SAR, China",0.7606569808597242,0.6737550424852375,26,0.08690193837448668,Moderate,0
Hungary,-0.035918393764394776,-0.014553038345301835,35,0.021365355419092943,Very small,0
Iceland,0.07823763811481907,0.1401468285919644,26,0.061909190477145326,Moderate,0
India,1.165655115262275,1.1593989595470664,7,0.0062561557152085445,Very small,0
Indonesia,-0.06897253915601416,0.04405830800199544,35,0.1130308471580096,Moderate,1
"Iran, Islamic Rep",0.1861597465931416,0.23945597815032796,26,0.05329623155718635,Moderate,0
Iraq,-1.532500705747176,-1.2117734017245358,2,0.32072730402264016,Very large,1
Ireland,0.03602087824213139,-0.023709412701100968,35,0.05973029094323236,Moderate,0
Israel,0.11097606339528243,0.06205909455520794,20,0.048916968840074494,Very small,0
Italy,-0.06641040661997623,-0.08869093885170931,35,0.022280532231733083,Very small,0
Jamaica,-0.5743233416443636,-0.24531429751150335,2,0.32900904413286025,Very large,1
Japan,0.3196827424254407,0.26478485956028136,31,0.05489788286515934,Moderate,0
Jordan,0.21660187487809,0.21492963158011105,29,0.001672243297978937,Very small,0
Kazakhstan,-0.36253826043747495,-0.3354837796466903,35,0.027054480790784652,Very small,0
Kenya,0.709738301499176,0.7344983610304169,9,0.02476005953124083,Very small,0
Kiribati,-0.5603562341955146,-0.2111753673870597,2,0.34918086680845495,Very large,1
"Korea, Rep",0.46968246319709817,0.39523410472329384,32,0.07444835847380432,Moderate,0
Kosovo,-0.5986909791273222,-0.5937081812875094,25,0.004982797839812814,Very small,0
Kuwait,0.45821131704682605,0.26852576959420277,29,0.18968554745262328,Large,1
Kyrgyz Republic,-1.1813956263688559,-1.2012088575224142,11,0.019813231153558375,Very small,0
Lao PDR,0.4144574323298075,0.5007196858541053,17,0.08626225352429784,Moderate,0
Latvia,-0.22092629687072432,-0.18488950344518254,35,0.03603679342554178,Very small,0
Lebanon,-0.4929040856707796,-0.5149303449615519,17,0.022026259290772288,Very small,0
Lesotho,-0.6418195333511629,-0.616599405257856,5,0.02522012809330698,Very small,0
Liberia,-2.3284954073750814,-2.4072189679536664,2,0.07872356057858498,Moderate,0
Liechtenstein,0.6868090194083845,0.3833439683322136,9,0.30346505107617083,Very large,1
Lithuania,-0.3142917649899084,-0.25422842811896806,35,0.06006333687094034,Moderate,0
Luxembourg,-0.30191107379787274,-0.4178644054442852,23,0.11595333164641247,Moderate,1
"Macao SAR, China",0.5264027590606136,0.5534823006894211,23,0.027079541628807435,Very small,0
Madagascar,-0.20549630420323656,-0.216584560928818,14,0.011088256725581447,Very small,0
Malawi,-0.6079838618120361,-0.48511725153233576,5,0.12286661027970036,Moderate,1
Malaysia,-0.2599040101962709,-0.23017245100345365,32,0.029731559192817253,Very small,0
Mali,0.3444693589635342,0.3478008372440588,7,0.0033314782805246024,Very small,0
Malta,-0.16613956175058617,-0.1304934618014995,41,0.03564609994908666,Very small,0
Marshall Islands,-1.2014096401371062,-0.9947581788376403,2,0.20665146129946588,Large,1
Mauritania,-1.6602482533367615,-1.5912403601562413,2,0.06900789318052025,Moderate,0
Mauritius,-0.21542191039473854,-0.2879587039691425,14,0.07253679357440398,Moderate,0
Mexico,-0.20220279918513476,-0.17834972237697216,23,0.023853076808162593,Very small,0
"Micronesia, Fed Sts",-0.8942725134376313,-0.6825876452138826,2,0.21168486822374866,Large,1
Moldova,-0.3090063153891481,-0.25932510791904917,26,0.04968120747009891,Very small,0
Mongolia,-0.040826321673442155,-0.019698022027252113,23,0.021128299646190042,Very small,0
Montenegro,-0.3975399994487968,-0.2987453425156018,17,0.098794656933195,Moderate,0
Morocco,-0.0559610897816907,-0.001674474259488938,38,0.05428661552220176,Moderate,0
Mozambique,-0.511902722099065,-0.3878360405989425,4,0.12406668150012246,Moderate,1
Myanmar,-0.2164674252384035,-0.15412026178722094,8,0.062347163451182575,Moderate,0
NA,0.1380368538673515,0.14279879797840048,11,0.004761944111048966,Very small,0
Namibia,-0.4146566731960156,-0.4339600872100875,5,0.019303414014071874,Very small,0
Nauru,-1.1963070168028973,-0.6881563912522112,2,0.5081506255506861,Very large,1
Netherlands,-0.029786627052357035,-0.10987104970828614,35,0.0800844226559291,Moderate,0
New Zealand,0.10958444840983629,0.08577721673933261,50,0.02380723167050368,Very small,0
Nicaragua,0.12800827099831866,0.11153355914606354,14,0.016474711852255117,Very small,0
Niger,0.6648275206836923,0.7748851139229465,22,0.11005759323925413,Moderate,1
Nigeria,-1.5351716719723922,-1.7130507533626647,2,0.17787908139027242,Large,1
North Macedonia,0.006738408013190849,0.12014684162716394,35,0.11340843361397308,Moderate,1
Norway,-0.16174745089704562,-0.16690590199475136,50,0.005158451097705741,Very small,0
Oman,0.4467369165322309,0.29642271270060244,17,0.15031420383162847,Large,1
Pakistan,0.9921517530532851,0.9755174301164427,13,0.016634322936842416,Very small,0
Palau,0.20375997970579882,0.4129929736417621,2,0.20923299393596326,Large,1
Panama,-0.21685755844007085,-0.22916144064006214,23,0.01230388219999129,Very small,0
Papua New Guinea,-0.9453547204009224,-1.0728234979856186,2,0.1274687775846962,Moderate,1
Paraguay,0.4120624756615469,0.33542788401176443,23,0.07663459164978248,Moderate,0
Peru,-0.31795861993685864,-0.27423578378502783,23,0.04372283615183081,Very small,0
Philippines,0.08973155374818731,0.05424134023031042,38,0.03549021351787689,Very small,0
Poland,0.08762357152909601,0.08753443922909834,29,8.913229999767125E-5,Very small,0
Portugal,-0.18777023942990154,-0.21430976485968112,35,0.02653952542977958,Very small,0
Qatar,-0.004490955398833441,-0.0744874382743675,35,0.06999648287553406,Moderate,0
Romania,0.20475689275753517,0.3312870224466369,35,0.1265301296891017,Moderate,1
Russian Federation,-0.06770550993464582,-0.051786460864971816,26,0.015919049069674,Very small,0
Rwanda,-1.5928650594370872,-1.3820434984975751,2,0.2108215609395121,Large,1
Samoa,-0.8901780525698018,-0.5634189336490947,2,0.3267591189207071,Very large,1
Saudi Arabia,0.004014784557647445,-0.05129712228114322,35,0.05531190683879066,Moderate,0
Senegal,0.24546160596394012,0.2867303282892099,32,0.04126872232526979,Very small,0
Serbia,-0.15250826920473326,-0.1370851777241014,32,0.015423091480631868,Very small,0
Seychelles,0.5289160094581967,0.16788839824229343,5,0.3610276112159033,Very large,1
Sierra Leone,-1.581087177145962,-1.682328063297924,2,0.10124088615196203,Moderate,1
Singapore,0.3920675038600473,0.32033530896486634,35,0.07173219489518096,Moderate,0
Slovak Republic,0.04348038551855152,0.11313743757581662,35,0.0696570520572651,Moderate,0
Slovenia,-0.02521441179276149,0.06890602842718802,29,0.0941204402199495,Moderate,0
Solomon Islands,-1.2659246511610363,-1.0260708380449208,2,0.23985381311611542,Large,1
South Africa,0.8913080647967784,0.7973031431181432,38,0.09400492167863517,Moderate,0
Spain,-0.0027337616234112063,-0.05944099849048987,35,0.05670723686707867,Moderate,0
St Kitts and Nevis,-0.07247850028016248,-0.08928199309442603,2,0.01680349281426355,Very small,0
St Lucia,-0.08831571066929668,0.06393468303788358,2,0.15225039370718024,Large,1
St Vincent and the Grenadines,-0.3625048686317596,-0.21915724443182766,2,0.14334762419993197,Moderate,1
Sudan,-1.2152307545019934,-1.0959132452796303,2,0.11931750922236306,Moderate,1
Sweden,-0.029539046534991568,-0.01200139715405936,38,0.01753764938093221,Very small,0
Switzerland,0.7334794192906902,0.5630965566024029,11,0.17038286268828728,Large,1
Syrian Arab Republic,-0.022895531992947443,0.0887833185385144,6,0.11167885053146184,Moderate,1
Tajikistan,0.19001583675513922,0.05875765980349997,2,0.13125817695163924,Moderate,1
Tanzania,-0.4829550626554776,-0.42557858286691347,5,0.05737647978856414,Moderate,0
Thailand,-0.20087667677033805,-0.1398575198389585,32,0.06101915693137955,Moderate,0
Timor-Leste,-0.8551350791657438,-0.7376614628071867,2,0.11747361635855713,Moderate,1
Togo,0.25955289518071856,0.30571494160398954,23,0.046162046423270986,Very small,0
Tonga,-0.6968745867104532,-0.41073193530241175,2,0.28614265140804146,Large,1
Trinidad and Tobago,-0.27936164502715893,-0.1927479696995164,23,0.08661367532764253,Moderate,0
Tunisia,-0.19514520908110414,-0.16417842405917296,32,0.030966785021931176,Very small,0
Turkey,0.5234876858736326,0.48381535791743246,2,0.039672327956200126,Very small,0
Turkiye,0.1792608566325798,0.22260402170695245,39,0.043343165074372664,Very small,0
Tuvalu,-1.0356523194242049,-0.7741296513670224,2,0.2615226680571825,Large,1
Uganda,-0.31606197715770623,-0.21153548220837498,4,0.10452649494933125,Moderate,1
Ukraine,0.19637509276385545,0.15942610191209886,32,0.0369489908517566,Very small,0
United Arab Emirates,0.05792363567290298,0.07604950209829239,37,0.018125866425389416,Very small,0
United Kingdom,0.019330563395451153,-0.01572694547962697,50,0.03505750887507812,Very small,0
United States,0.14013796349400046,0.10547339872712676,35,0.0346645647668737,Very small,0
Uruguay,-0.34165883872832314,-0.3446134139824817,23,0.0029545752541585424,Very small,0
Uzbekistan,0.6345678894786169,0.5082267494579188,2,0.12634114002069807,Moderate,1
Vanuatu,-1.1571061263504692,-1.0349173097181759,2,0.1221888166322933,Moderate,1
Viet Nam,-0.174195619469606,-0.1533825131467604,9,0.02081310632284558,Very small,0
Vietnam,0.3874907600411223,0.49184806356515454,17,0.10435730352403222,Moderate,1
West Bank and Gaza,0.2850458290770932,0.24052145350855875,8,0.04452437556853445,Very small,0
"Yemen, Rep",0.8907405119221415,0.9542221394594885,23,0.06348162753734699,Moderate,0
Zambia,0.4861876496121348,0.514021095564302,13,0.02783344595216719,Very small,0
Zimbabwe,0.04167125140259409,-0.15681161993537424,5,0.19848287133796833,Large,1
