INDICATOR_ROOT,n_indicator_names
SE.CLO.5.PRF.S.TMS,1
SE.CLO.6.LDGAP.S.TMS,1
SE.CLO.15Y.PRF.S.PS,1
SE.CLO.5.PRF.R.SPM,1
SE.LPV.PRIM.LPSEV,1
SE.LPV.PRIM.BMP,1
SE.CLO.5.LDSEV.R.PRL,1
SE.CLO.3.LDSEV.R.PRL,1
SE.CLO.3.PRF.R.PRL,1
SE.CLO.9.PRF.M.TMS,1
SE.CLO.15Y.LDSEV.S.PSD,1
SE.CLO.2.LDSEV.R.PSC,1
SE.CLO.15Y.PRF.M.PSD,1
SE.CLO.6.LDGAP.R.LLC,1
SE.CLO.6.LDSEV.R.LLC,1
SE.CLO.9.LDGAP.S.TMS,1
SE.CLO.5.PRF.R.PRL,1
SE.CLO.15Y.PRF.R.PS,1
SE.CLO.4.LDSEV.M.TMS,1
SE.CLO.5.PRF.M.SPM,1
SE.LPV.PRIM.LDSEV,1
SE.CLO.15Y.LDSEV.S.PS,1
SE.CLO.3.LDGAP.R.PRL,1
SE.CLO.6.LDSEV.R.PRL,1
SE.CLO.6.LDSEV.M.PSC,1
SE.CLO.15Y.LDSEV.M.PSD,1
SE.LPV.PRIM.LDGAP,1
SE.CLO.6.LDGAP.R.SAC,1
SE.CLO.4.LDSEV.S.TMS,1
SE.CLO.4.LDGAP.M.TMS,1
SE.CLO.8.LDGAP.S.TMS,1
SE.CLO.4.LDGAP.S.TMS,1
SE.CLO.15Y.LDGAP.R.PSD,1
SE.CLO.8.PRF.S.TMS,1
SE.CLO.9.PRF.S.TMS,1
SE.CLO.5.PRF.M.TMS,1
SE.CLO.6.PRF.M.TMS,1
SE.CLO.4.PRF.S.TMS,1
SE.CLO.15Y.LDSEV.R.PSD,1
SE.CLO.15Y.LDGAP.S.PS,1
SE.CLO.2.PRF.R.PSC,1
SE.CLO.6.PRF.S.TMS,1
SE.LPV.PRIM.LPGAP,1
SE.CLO.4.LDSEV.R.PRL,1
SE.CLO.15Y.LDGAP.M.PS,1
SE.CLO.6.LDGAP.R.PRL,1
SE.LPV.PRIM.LD,1
SE.CLO.8.LDGAP.M.TMS,1
SE.LPV.POP.PRIM,1
SE.CLO.4.LDGAP.R.PRL,1
SE.CLO.5.LDGAP.M.TMS,1
SE.CLO.9.LDGAP.M.TMS,1
SE.CLO.9.LDSEV.M.TMS,1
SE.CLO.4.PRF.M.TMS,1
SE.CLO.4.PRF.R.PRL,1
SE.CLO.6.LDSEV.R.PSC,1
SE.CLO.5.LDGAP.R.SPM,1
HD.HCI.HLOS,1
SE.CLO.6.LDSEV.R.SAC,1
SE.CLO.2.LDGAP.R.PSC,1
SE.CLO.8.PRF.M.TMS,1
SE.CLO.5.LDSEV.R.SPM,1
SE.CLO.5.LDGAP.M.SPM,1
SE.CLO.6.PRF.R.PRL,1
SE.CLO.15Y.PRF.M.PS,1
SE.CLO.6.PRF.R.SAC,1
SE.CLO.6.LDGAP.M.TMS,1
SE.CLO.15Y.LDGAP.M.PSD,1
SE.CLO.15Y.PRF.R.PSD,1
SE.CLO.15Y.LDGAP.S.PSD,1
SE.CLO.6.LDSEV.S.TMS,1
SE.LPV.PRIM,1
SE.CLO.9.LDSEV.S.TMS,1
SE.CLO.6.PRF.M.PSC,1
SE.CLO.15Y.LDSEV.R.PS,1
SE.CLO.6.PRF.R.PSC,1
SE.CLO.5.LDGAP.S.TMS,1
SE.CLO.6.LDGAP.R.PSC,1
SE.CLO.5.LDSEV.M.SPM,1
SE.CLO.15Y.PRF.S.PSD,1
SE.CLO.2.PRF.M.PSC,1
SE.CLO.6.LDGAP.M.PSC,1
SE.CLO.8.LDSEV.S.TMS,1
SE.CLO.5.LDSEV.M.TMS,1
SE.LPV.PRIM.OOS,1
SE.CLO.15Y.LDGAP.R.PS,1
SE.CLO.5.LDGAP.R.PRL,1
SE.CLO.2.LDSEV.M.PSC,1
SE.CLO.8.LDSEV.M.TMS,1
SE.CLO.15Y.LDSEV.M.PS,1
HD.HCI.LAYS,1
SE.LPV.PRIM.SD,1
SE.CLO.6.PRF.R.LLC,1
SE.LPV.POP,1
SE.CLO.6.LDSEV.M.TMS,1
SE.CLO.2.LDGAP.M.PSC,1
SE.CLO.5.LDSEV.S.TMS,1
