INDICATOR,Indicator name,name
HD.HCI.AMRT,Survival Rate from Age 15-60,Survival Rate from Age 15-60
HD.HCI.AMRT.FE,"Survival Rate from Age 15-60, Female",Survival Rate from Age 15-60
HD.HCI.AMRT.MA,"Survival Rate from Age 15-60, Male",Survival Rate from Age 15-60
HD.HCI.EYRS,Expected Years of School,Expected Years of School
HD.HCI.EYRS.FE,"Expected Years of School, Female",Expected Years of School
HD.HCI.EYRS.MA,"Expected Years of School, Male",Expected Years of School
HD.HCI.HLOS,Harmonized Test Scores,Harmonized Test Scores
HD.HCI.HLOS.FE,"Harmonized Test Scores, Female",Harmonized Test Scores
HD.HCI.HLOS.MA,"Harmonized Test Scores, Male",Harmonized Test Scores
HD.HCI.LAYS,Learning-Adjusted Years of School,Learning-Adjusted Years of School
HD.HCI.LAYS.FE,"Learning-Adjusted Years of School, Female",Learning-Adjusted Years of School
HD.HCI.LAYS.MA,"Learning-Adjusted Years of School, Male",Learning-Adjusted Years of School
HD.HCI.MORT,Probability of Survival to Age 5,Probability of Survival to Age 5
HD.HCI.MORT.FE,"Probability of Survival to Age 5, Female",Probability of Survival to Age 5
HD.HCI.MORT.MA,"Probability of Survival to Age 5, Male",Probability of Survival to Age 5
HD.HCI.OVRL,Human Capital Index (HCI) (scale 0-1),Human Capital Index (HCI) (scale 0-1)
HD.HCI.OVRL.FE,"Human Capital Index (HCI), Female (scale 0-1)",Human Capital Index (HCI) (scale 0-1)
HD.HCI.OVRL.LB,"Human Capital Index (HCI), Lower Bound (scale 0-1)","Human Capital Index (HCI), Lower Bound (scale 0-1)"
HD.HCI.OVRL.LB.FE,"Human Capital Index (HCI), Female, Lower Bound (scale 0-1)","Human Capital Index (HCI), Lower Bound (scale 0-1)"
HD.HCI.OVRL.LB.MA,"Human Capital Index (HCI), Male, Lower Bound (scale 0-1)","Human Capital Index (HCI), Lower Bound (scale 0-1)"
HD.HCI.OVRL.MA,"Human Capital Index (HCI), Male (scale 0-1)",Human Capital Index (HCI) (scale 0-1)
HD.HCI.OVRL.UB,"Human Capital Index (HCI), Upper Bound (scale 0-1)","Human Capital Index (HCI), Upper Bound (scale 0-1)"
HD.HCI.OVRL.UB.FE,"Human Capital Index (HCI), Female, Upper Bound (scale 0-1)","Human Capital Index (HCI), Upper Bound (scale 0-1)"
HD.HCI.OVRL.UB.MA,"Human Capital Index (HCI), Male, Upper Bound (scale 0-1)","Human Capital Index (HCI), Upper Bound (scale 0-1)"
SE.CLO.15Y.LDGAP.M.PS.2015.1,"Learning Deprivation Gap;PISA 2015 for grade 15Y using MPL Level 2 for math, First Quintile",Learning Deprivation Gap;PISA 2015 for grade 15Y using MPL Level 2 for math
SE.CLO.15Y.LDGAP.M.PS.2015.2,"Learning Deprivation Gap;PISA 2015 for grade 15Y using MPL Level 2 for math, Second Quintile","Learning Deprivation Gap;PISA 2015 for grade 15Y using MPL Level 2 for math, Second Quintile"
SE.CLO.15Y.LDGAP.M.PS.2015.3,"Learning Deprivation Gap;PISA 2015 for grade 15Y using MPL Level 2 for math, Third Quintile","Learning Deprivation Gap;PISA 2015 for grade 15Y using MPL Level 2 for math, Third Quintile"
SE.CLO.15Y.LDGAP.M.PS.2015.4,"Learning Deprivation Gap;PISA 2015 for grade 15Y using MPL Level 2 for math, Fourth Quintile","Learning Deprivation Gap;PISA 2015 for grade 15Y using MPL Level 2 for math, Fourth Quintile"
SE.CLO.15Y.LDGAP.M.PS.2015.5,"Learning Deprivation Gap;PISA 2015 for grade 15Y using MPL Level 2 for math, Fifth Quintile","Learning Deprivation Gap;PISA 2015 for grade 15Y using MPL Level 2 for math, Fifth Quintile"
SE.CLO.15Y.LDGAP.M.PS.2015.A,Learning Deprivation Gap;PISA 2015 for grade 15Y using MPL Level 2 for math,Learning Deprivation Gap;PISA 2015 for grade 15Y using MPL Level 2 for math
SE.CLO.15Y.LDGAP.M.PS.2015.F,"Learning Deprivation Gap;PISA 2015 for grade 15Y using MPL Level 2 for math, Female",Learning Deprivation Gap;PISA 2015 for grade 15Y using MPL Level 2 for math
SE.CLO.15Y.LDGAP.M.PS.2015.M,"Learning Deprivation Gap;PISA 2015 for grade 15Y using MPL Level 2 for math, Male",Learning Deprivation Gap;PISA 2015 for grade 15Y using MPL Level 2 for math
SE.CLO.15Y.LDGAP.M.PS.2015.R,"Learning Deprivation Gap;PISA 2015 for grade 15Y using MPL Level 2 for math, Rural","Learning Deprivation Gap;PISA 2015 for grade 15Y using MPL Level 2 for math, Rural"
SE.CLO.15Y.LDGAP.M.PS.2015.U,"Learning Deprivation Gap;PISA 2015 for grade 15Y using MPL Level 2 for math, Urban","Learning Deprivation Gap;PISA 2015 for grade 15Y using MPL Level 2 for math, Urban"
SE.CLO.15Y.LDGAP.M.PS.2018.1,"Learning Deprivation Gap;PISA 2018 for grade 15Y using MPL Level 2 for math, First Quintile",Learning Deprivation Gap;PISA 2018 for grade 15Y using MPL Level 2 for math
SE.CLO.15Y.LDGAP.M.PS.2018.2,"Learning Deprivation Gap;PISA 2018 for grade 15Y using MPL Level 2 for math, Second Quintile","Learning Deprivation Gap;PISA 2018 for grade 15Y using MPL Level 2 for math, Second Quintile"
SE.CLO.15Y.LDGAP.M.PS.2018.3,"Learning Deprivation Gap;PISA 2018 for grade 15Y using MPL Level 2 for math, Third Quintile","Learning Deprivation Gap;PISA 2018 for grade 15Y using MPL Level 2 for math, Third Quintile"
SE.CLO.15Y.LDGAP.M.PS.2018.4,"Learning Deprivation Gap;PISA 2018 for grade 15Y using MPL Level 2 for math, Fourth Quintile","Learning Deprivation Gap;PISA 2018 for grade 15Y using MPL Level 2 for math, Fourth Quintile"
SE.CLO.15Y.LDGAP.M.PS.2018.5,"Learning Deprivation Gap;PISA 2018 for grade 15Y using MPL Level 2 for math, Fifth Quintile","Learning Deprivation Gap;PISA 2018 for grade 15Y using MPL Level 2 for math, Fifth Quintile"
SE.CLO.15Y.LDGAP.M.PS.2018.A,Learning Deprivation Gap;PISA 2018 for grade 15Y using MPL Level 2 for math,Learning Deprivation Gap;PISA 2018 for grade 15Y using MPL Level 2 for math
SE.CLO.15Y.LDGAP.M.PS.2018.F,"Learning Deprivation Gap;PISA 2018 for grade 15Y using MPL Level 2 for math, Female",Learning Deprivation Gap;PISA 2018 for grade 15Y using MPL Level 2 for math
SE.CLO.15Y.LDGAP.M.PS.2018.M,"Learning Deprivation Gap;PISA 2018 for grade 15Y using MPL Level 2 for math, Male",Learning Deprivation Gap;PISA 2018 for grade 15Y using MPL Level 2 for math
SE.CLO.15Y.LDGAP.M.PS.2018.R,"Learning Deprivation Gap;PISA 2018 for grade 15Y using MPL Level 2 for math, Rural","Learning Deprivation Gap;PISA 2018 for grade 15Y using MPL Level 2 for math, Rural"
SE.CLO.15Y.LDGAP.M.PS.2018.U,"Learning Deprivation Gap;PISA 2018 for grade 15Y using MPL Level 2 for math, Urban","Learning Deprivation Gap;PISA 2018 for grade 15Y using MPL Level 2 for math, Urban"
SE.CLO.15Y.LDGAP.R.PS.2015.1,"Learning Deprivation Gap;PISA 2015 for grade 15Y using MPL Level 2 for reading, First Quintile",Learning Deprivation Gap;PISA 2015 for grade 15Y using MPL Level 2 for reading
SE.CLO.15Y.LDGAP.R.PS.2015.2,"Learning Deprivation Gap;PISA 2015 for grade 15Y using MPL Level 2 for reading, Second Quintile","Learning Deprivation Gap;PISA 2015 for grade 15Y using MPL Level 2 for reading, Second Quintile"
SE.CLO.15Y.LDGAP.R.PS.2015.3,"Learning Deprivation Gap;PISA 2015 for grade 15Y using MPL Level 2 for reading, Third Quintile","Learning Deprivation Gap;PISA 2015 for grade 15Y using MPL Level 2 for reading, Third Quintile"
SE.CLO.15Y.LDGAP.R.PS.2015.4,"Learning Deprivation Gap;PISA 2015 for grade 15Y using MPL Level 2 for reading, Fourth Quintile","Learning Deprivation Gap;PISA 2015 for grade 15Y using MPL Level 2 for reading, Fourth Quintile"
SE.CLO.15Y.LDGAP.R.PS.2015.5,"Learning Deprivation Gap;PISA 2015 for grade 15Y using MPL Level 2 for reading, Fifth Quintile","Learning Deprivation Gap;PISA 2015 for grade 15Y using MPL Level 2 for reading, Fifth Quintile"
SE.CLO.15Y.LDGAP.R.PS.2015.A,Learning Deprivation Gap;PISA 2015 for grade 15Y using MPL Level 2 for reading,Learning Deprivation Gap;PISA 2015 for grade 15Y using MPL Level 2 for reading
SE.CLO.15Y.LDGAP.R.PS.2015.F,"Learning Deprivation Gap;PISA 2015 for grade 15Y using MPL Level 2 for reading, Female",Learning Deprivation Gap;PISA 2015 for grade 15Y using MPL Level 2 for reading
SE.CLO.15Y.LDGAP.R.PS.2015.M,"Learning Deprivation Gap;PISA 2015 for grade 15Y using MPL Level 2 for reading, Male",Learning Deprivation Gap;PISA 2015 for grade 15Y using MPL Level 2 for reading
SE.CLO.15Y.LDGAP.R.PS.2015.R,"Learning Deprivation Gap;PISA 2015 for grade 15Y using MPL Level 2 for reading, Rural","Learning Deprivation Gap;PISA 2015 for grade 15Y using MPL Level 2 for reading, Rural"
SE.CLO.15Y.LDGAP.R.PS.2015.U,"Learning Deprivation Gap;PISA 2015 for grade 15Y using MPL Level 2 for reading, Urban","Learning Deprivation Gap;PISA 2015 for grade 15Y using MPL Level 2 for reading, Urban"
SE.CLO.15Y.LDGAP.R.PS.2018.1,"Learning Deprivation Gap;PISA 2018 for grade 15Y using MPL Level 2 for reading, First Quintile",Learning Deprivation Gap;PISA 2018 for grade 15Y using MPL Level 2 for reading
SE.CLO.15Y.LDGAP.R.PS.2018.2,"Learning Deprivation Gap;PISA 2018 for grade 15Y using MPL Level 2 for reading, Second Quintile","Learning Deprivation Gap;PISA 2018 for grade 15Y using MPL Level 2 for reading, Second Quintile"
SE.CLO.15Y.LDGAP.R.PS.2018.3,"Learning Deprivation Gap;PISA 2018 for grade 15Y using MPL Level 2 for reading, Third Quintile","Learning Deprivation Gap;PISA 2018 for grade 15Y using MPL Level 2 for reading, Third Quintile"
SE.CLO.15Y.LDGAP.R.PS.2018.4,"Learning Deprivation Gap;PISA 2018 for grade 15Y using MPL Level 2 for reading, Fourth Quintile","Learning Deprivation Gap;PISA 2018 for grade 15Y using MPL Level 2 for reading, Fourth Quintile"
SE.CLO.15Y.LDGAP.R.PS.2018.5,"Learning Deprivation Gap;PISA 2018 for grade 15Y using MPL Level 2 for reading, Fifth Quintile","Learning Deprivation Gap;PISA 2018 for grade 15Y using MPL Level 2 for reading, Fifth Quintile"
SE.CLO.15Y.LDGAP.R.PS.2018.A,Learning Deprivation Gap;PISA 2018 for grade 15Y using MPL Level 2 for reading,Learning Deprivation Gap;PISA 2018 for grade 15Y using MPL Level 2 for reading
SE.CLO.15Y.LDGAP.R.PS.2018.F,"Learning Deprivation Gap;PISA 2018 for grade 15Y using MPL Level 2 for reading, Female",Learning Deprivation Gap;PISA 2018 for grade 15Y using MPL Level 2 for reading
SE.CLO.15Y.LDGAP.R.PS.2018.M,"Learning Deprivation Gap;PISA 2018 for grade 15Y using MPL Level 2 for reading, Male",Learning Deprivation Gap;PISA 2018 for grade 15Y using MPL Level 2 for reading
SE.CLO.15Y.LDGAP.R.PS.2018.R,"Learning Deprivation Gap;PISA 2018 for grade 15Y using MPL Level 2 for reading, Rural","Learning Deprivation Gap;PISA 2018 for grade 15Y using MPL Level 2 for reading, Rural"
SE.CLO.15Y.LDGAP.R.PS.2018.U,"Learning Deprivation Gap;PISA 2018 for grade 15Y using MPL Level 2 for reading, Urban","Learning Deprivation Gap;PISA 2018 for grade 15Y using MPL Level 2 for reading, Urban"
SE.CLO.15Y.LDGAP.S.PS.2015.1,"Learning Deprivation Gap;PISA 2015 for grade 15Y using MPL Level 2 for science, First Quintile",Learning Deprivation Gap;PISA 2015 for grade 15Y using MPL Level 2 for science
SE.CLO.15Y.LDGAP.S.PS.2015.2,"Learning Deprivation Gap;PISA 2015 for grade 15Y using MPL Level 2 for science, Second Quintile","Learning Deprivation Gap;PISA 2015 for grade 15Y using MPL Level 2 for science, Second Quintile"
SE.CLO.15Y.LDGAP.S.PS.2015.3,"Learning Deprivation Gap;PISA 2015 for grade 15Y using MPL Level 2 for science, Third Quintile","Learning Deprivation Gap;PISA 2015 for grade 15Y using MPL Level 2 for science, Third Quintile"
SE.CLO.15Y.LDGAP.S.PS.2015.4,"Learning Deprivation Gap;PISA 2015 for grade 15Y using MPL Level 2 for science, Fourth Quintile","Learning Deprivation Gap;PISA 2015 for grade 15Y using MPL Level 2 for science, Fourth Quintile"
SE.CLO.15Y.LDGAP.S.PS.2015.5,"Learning Deprivation Gap;PISA 2015 for grade 15Y using MPL Level 2 for science, Fifth Quintile","Learning Deprivation Gap;PISA 2015 for grade 15Y using MPL Level 2 for science, Fifth Quintile"
SE.CLO.15Y.LDGAP.S.PS.2015.A,Learning Deprivation Gap;PISA 2015 for grade 15Y using MPL Level 2 for science,Learning Deprivation Gap;PISA 2015 for grade 15Y using MPL Level 2 for science
SE.CLO.15Y.LDGAP.S.PS.2015.F,"Learning Deprivation Gap;PISA 2015 for grade 15Y using MPL Level 2 for science, Female",Learning Deprivation Gap;PISA 2015 for grade 15Y using MPL Level 2 for science
SE.CLO.15Y.LDGAP.S.PS.2015.M,"Learning Deprivation Gap;PISA 2015 for grade 15Y using MPL Level 2 for science, Male",Learning Deprivation Gap;PISA 2015 for grade 15Y using MPL Level 2 for science
SE.CLO.15Y.LDGAP.S.PS.2015.R,"Learning Deprivation Gap;PISA 2015 for grade 15Y using MPL Level 2 for science, Rural","Learning Deprivation Gap;PISA 2015 for grade 15Y using MPL Level 2 for science, Rural"
SE.CLO.15Y.LDGAP.S.PS.2015.U,"Learning Deprivation Gap;PISA 2015 for grade 15Y using MPL Level 2 for science, Urban","Learning Deprivation Gap;PISA 2015 for grade 15Y using MPL Level 2 for science, Urban"
SE.CLO.15Y.LDGAP.S.PS.2018.1,"Learning Deprivation Gap;PISA 2018 for grade 15Y using MPL Level 2 for science, First Quintile",Learning Deprivation Gap;PISA 2018 for grade 15Y using MPL Level 2 for science
SE.CLO.15Y.LDGAP.S.PS.2018.2,"Learning Deprivation Gap;PISA 2018 for grade 15Y using MPL Level 2 for science, Second Quintile","Learning Deprivation Gap;PISA 2018 for grade 15Y using MPL Level 2 for science, Second Quintile"
SE.CLO.15Y.LDGAP.S.PS.2018.3,"Learning Deprivation Gap;PISA 2018 for grade 15Y using MPL Level 2 for science, Third Quintile","Learning Deprivation Gap;PISA 2018 for grade 15Y using MPL Level 2 for science, Third Quintile"
SE.CLO.15Y.LDGAP.S.PS.2018.4,"Learning Deprivation Gap;PISA 2018 for grade 15Y using MPL Level 2 for science, Fourth Quintile","Learning Deprivation Gap;PISA 2018 for grade 15Y using MPL Level 2 for science, Fourth Quintile"
SE.CLO.15Y.LDGAP.S.PS.2018.5,"Learning Deprivation Gap;PISA 2018 for grade 15Y using MPL Level 2 for science, Fifth Quintile","Learning Deprivation Gap;PISA 2018 for grade 15Y using MPL Level 2 for science, Fifth Quintile"
SE.CLO.15Y.LDGAP.S.PS.2018.A,Learning Deprivation Gap;PISA 2018 for grade 15Y using MPL Level 2 for science,Learning Deprivation Gap;PISA 2018 for grade 15Y using MPL Level 2 for science
SE.CLO.15Y.LDGAP.S.PS.2018.F,"Learning Deprivation Gap;PISA 2018 for grade 15Y using MPL Level 2 for science, Female",Learning Deprivation Gap;PISA 2018 for grade 15Y using MPL Level 2 for science
SE.CLO.15Y.LDGAP.S.PS.2018.M,"Learning Deprivation Gap;PISA 2018 for grade 15Y using MPL Level 2 for science, Male",Learning Deprivation Gap;PISA 2018 for grade 15Y using MPL Level 2 for science
SE.CLO.15Y.LDGAP.S.PS.2018.R,"Learning Deprivation Gap;PISA 2018 for grade 15Y using MPL Level 2 for science, Rural","Learning Deprivation Gap;PISA 2018 for grade 15Y using MPL Level 2 for science, Rural"
SE.CLO.15Y.LDGAP.S.PS.2018.U,"Learning Deprivation Gap;PISA 2018 for grade 15Y using MPL Level 2 for science, Urban","Learning Deprivation Gap;PISA 2018 for grade 15Y using MPL Level 2 for science, Urban"
SE.CLO.15Y.LDSEV.M.PS.2015.1,"Learning Deprivation Severity;PISA 2015 for grade 15Y using MPL Level 2 for math, First Quintile",Learning Deprivation Severity;PISA 2015 for grade 15Y using MPL Level 2 for math
SE.CLO.15Y.LDSEV.M.PS.2015.2,"Learning Deprivation Severity;PISA 2015 for grade 15Y using MPL Level 2 for math, Second Quintile","Learning Deprivation Severity;PISA 2015 for grade 15Y using MPL Level 2 for math, Second Quintile"
SE.CLO.15Y.LDSEV.M.PS.2015.3,"Learning Deprivation Severity;PISA 2015 for grade 15Y using MPL Level 2 for math, Third Quintile","Learning Deprivation Severity;PISA 2015 for grade 15Y using MPL Level 2 for math, Third Quintile"
SE.CLO.15Y.LDSEV.M.PS.2015.4,"Learning Deprivation Severity;PISA 2015 for grade 15Y using MPL Level 2 for math, Fourth Quintile","Learning Deprivation Severity;PISA 2015 for grade 15Y using MPL Level 2 for math, Fourth Quintile"
SE.CLO.15Y.LDSEV.M.PS.2015.5,"Learning Deprivation Severity;PISA 2015 for grade 15Y using MPL Level 2 for math, Fifth Quintile","Learning Deprivation Severity;PISA 2015 for grade 15Y using MPL Level 2 for math, Fifth Quintile"
SE.CLO.15Y.LDSEV.M.PS.2015.A,Learning Deprivation Severity;PISA 2015 for grade 15Y using MPL Level 2 for math,Learning Deprivation Severity;PISA 2015 for grade 15Y using MPL Level 2 for math
SE.CLO.15Y.LDSEV.M.PS.2015.F,"Learning Deprivation Severity;PISA 2015 for grade 15Y using MPL Level 2 for math, Female",Learning Deprivation Severity;PISA 2015 for grade 15Y using MPL Level 2 for math
SE.CLO.15Y.LDSEV.M.PS.2015.M,"Learning Deprivation Severity;PISA 2015 for grade 15Y using MPL Level 2 for math, Male",Learning Deprivation Severity;PISA 2015 for grade 15Y using MPL Level 2 for math
SE.CLO.15Y.LDSEV.M.PS.2015.R,"Learning Deprivation Severity;PISA 2015 for grade 15Y using MPL Level 2 for math, Rural","Learning Deprivation Severity;PISA 2015 for grade 15Y using MPL Level 2 for math, Rural"
SE.CLO.15Y.LDSEV.M.PS.2015.U,"Learning Deprivation Severity;PISA 2015 for grade 15Y using MPL Level 2 for math, Urban","Learning Deprivation Severity;PISA 2015 for grade 15Y using MPL Level 2 for math, Urban"
SE.CLO.15Y.LDSEV.M.PS.2018.1,"Learning Deprivation Severity;PISA 2018 for grade 15Y using MPL Level 2 for math, First Quintile",Learning Deprivation Severity;PISA 2018 for grade 15Y using MPL Level 2 for math
SE.CLO.15Y.LDSEV.M.PS.2018.2,"Learning Deprivation Severity;PISA 2018 for grade 15Y using MPL Level 2 for math, Second Quintile","Learning Deprivation Severity;PISA 2018 for grade 15Y using MPL Level 2 for math, Second Quintile"
SE.CLO.15Y.LDSEV.M.PS.2018.3,"Learning Deprivation Severity;PISA 2018 for grade 15Y using MPL Level 2 for math, Third Quintile","Learning Deprivation Severity;PISA 2018 for grade 15Y using MPL Level 2 for math, Third Quintile"
SE.CLO.15Y.LDSEV.M.PS.2018.4,"Learning Deprivation Severity;PISA 2018 for grade 15Y using MPL Level 2 for math, Fourth Quintile","Learning Deprivation Severity;PISA 2018 for grade 15Y using MPL Level 2 for math, Fourth Quintile"
SE.CLO.15Y.LDSEV.M.PS.2018.5,"Learning Deprivation Severity;PISA 2018 for grade 15Y using MPL Level 2 for math, Fifth Quintile","Learning Deprivation Severity;PISA 2018 for grade 15Y using MPL Level 2 for math, Fifth Quintile"
SE.CLO.15Y.LDSEV.M.PS.2018.A,Learning Deprivation Severity;PISA 2018 for grade 15Y using MPL Level 2 for math,Learning Deprivation Severity;PISA 2018 for grade 15Y using MPL Level 2 for math
SE.CLO.15Y.LDSEV.M.PS.2018.F,"Learning Deprivation Severity;PISA 2018 for grade 15Y using MPL Level 2 for math, Female",Learning Deprivation Severity;PISA 2018 for grade 15Y using MPL Level 2 for math
SE.CLO.15Y.LDSEV.M.PS.2018.M,"Learning Deprivation Severity;PISA 2018 for grade 15Y using MPL Level 2 for math, Male",Learning Deprivation Severity;PISA 2018 for grade 15Y using MPL Level 2 for math
SE.CLO.15Y.LDSEV.M.PS.2018.R,"Learning Deprivation Severity;PISA 2018 for grade 15Y using MPL Level 2 for math, Rural","Learning Deprivation Severity;PISA 2018 for grade 15Y using MPL Level 2 for math, Rural"
SE.CLO.15Y.LDSEV.M.PS.2018.U,"Learning Deprivation Severity;PISA 2018 for grade 15Y using MPL Level 2 for math, Urban","Learning Deprivation Severity;PISA 2018 for grade 15Y using MPL Level 2 for math, Urban"
SE.CLO.15Y.LDSEV.R.PS.2015.1,"Learning Deprivation Severity;PISA 2015 for grade 15Y using MPL Level 2 for reading, First Quintile",Learning Deprivation Severity;PISA 2015 for grade 15Y using MPL Level 2 for reading
SE.CLO.15Y.LDSEV.R.PS.2015.2,"Learning Deprivation Severity;PISA 2015 for grade 15Y using MPL Level 2 for reading, Second Quintile","Learning Deprivation Severity;PISA 2015 for grade 15Y using MPL Level 2 for reading, Second Quintile"
SE.CLO.15Y.LDSEV.R.PS.2015.3,"Learning Deprivation Severity;PISA 2015 for grade 15Y using MPL Level 2 for reading, Third Quintile","Learning Deprivation Severity;PISA 2015 for grade 15Y using MPL Level 2 for reading, Third Quintile"
SE.CLO.15Y.LDSEV.R.PS.2015.4,"Learning Deprivation Severity;PISA 2015 for grade 15Y using MPL Level 2 for reading, Fourth Quintile","Learning Deprivation Severity;PISA 2015 for grade 15Y using MPL Level 2 for reading, Fourth Quintile"
SE.CLO.15Y.LDSEV.R.PS.2015.5,"Learning Deprivation Severity;PISA 2015 for grade 15Y using MPL Level 2 for reading, Fifth Quintile","Learning Deprivation Severity;PISA 2015 for grade 15Y using MPL Level 2 for reading, Fifth Quintile"
SE.CLO.15Y.LDSEV.R.PS.2015.A,Learning Deprivation Severity;PISA 2015 for grade 15Y using MPL Level 2 for reading,Learning Deprivation Severity;PISA 2015 for grade 15Y using MPL Level 2 for reading
SE.CLO.15Y.LDSEV.R.PS.2015.F,"Learning Deprivation Severity;PISA 2015 for grade 15Y using MPL Level 2 for reading, Female",Learning Deprivation Severity;PISA 2015 for grade 15Y using MPL Level 2 for reading
SE.CLO.15Y.LDSEV.R.PS.2015.M,"Learning Deprivation Severity;PISA 2015 for grade 15Y using MPL Level 2 for reading, Male",Learning Deprivation Severity;PISA 2015 for grade 15Y using MPL Level 2 for reading
SE.CLO.15Y.LDSEV.R.PS.2015.R,"Learning Deprivation Severity;PISA 2015 for grade 15Y using MPL Level 2 for reading, Rural","Learning Deprivation Severity;PISA 2015 for grade 15Y using MPL Level 2 for reading, Rural"
SE.CLO.15Y.LDSEV.R.PS.2015.U,"Learning Deprivation Severity;PISA 2015 for grade 15Y using MPL Level 2 for reading, Urban","Learning Deprivation Severity;PISA 2015 for grade 15Y using MPL Level 2 for reading, Urban"
SE.CLO.15Y.LDSEV.R.PS.2018.1,"Learning Deprivation Severity;PISA 2018 for grade 15Y using MPL Level 2 for reading, First Quintile",Learning Deprivation Severity;PISA 2018 for grade 15Y using MPL Level 2 for reading
SE.CLO.15Y.LDSEV.R.PS.2018.2,"Learning Deprivation Severity;PISA 2018 for grade 15Y using MPL Level 2 for reading, Second Quintile","Learning Deprivation Severity;PISA 2018 for grade 15Y using MPL Level 2 for reading, Second Quintile"
SE.CLO.15Y.LDSEV.R.PS.2018.3,"Learning Deprivation Severity;PISA 2018 for grade 15Y using MPL Level 2 for reading, Third Quintile","Learning Deprivation Severity;PISA 2018 for grade 15Y using MPL Level 2 for reading, Third Quintile"
SE.CLO.15Y.LDSEV.R.PS.2018.4,"Learning Deprivation Severity;PISA 2018 for grade 15Y using MPL Level 2 for reading, Fourth Quintile","Learning Deprivation Severity;PISA 2018 for grade 15Y using MPL Level 2 for reading, Fourth Quintile"
SE.CLO.15Y.LDSEV.R.PS.2018.5,"Learning Deprivation Severity;PISA 2018 for grade 15Y using MPL Level 2 for reading, Fifth Quintile","Learning Deprivation Severity;PISA 2018 for grade 15Y using MPL Level 2 for reading, Fifth Quintile"
SE.CLO.15Y.LDSEV.R.PS.2018.A,Learning Deprivation Severity;PISA 2018 for grade 15Y using MPL Level 2 for reading,Learning Deprivation Severity;PISA 2018 for grade 15Y using MPL Level 2 for reading
SE.CLO.15Y.LDSEV.R.PS.2018.F,"Learning Deprivation Severity;PISA 2018 for grade 15Y using MPL Level 2 for reading, Female",Learning Deprivation Severity;PISA 2018 for grade 15Y using MPL Level 2 for reading
SE.CLO.15Y.LDSEV.R.PS.2018.M,"Learning Deprivation Severity;PISA 2018 for grade 15Y using MPL Level 2 for reading, Male",Learning Deprivation Severity;PISA 2018 for grade 15Y using MPL Level 2 for reading
SE.CLO.15Y.LDSEV.R.PS.2018.R,"Learning Deprivation Severity;PISA 2018 for grade 15Y using MPL Level 2 for reading, Rural","Learning Deprivation Severity;PISA 2018 for grade 15Y using MPL Level 2 for reading, Rural"
SE.CLO.15Y.LDSEV.R.PS.2018.U,"Learning Deprivation Severity;PISA 2018 for grade 15Y using MPL Level 2 for reading, Urban","Learning Deprivation Severity;PISA 2018 for grade 15Y using MPL Level 2 for reading, Urban"
SE.CLO.15Y.LDSEV.S.PS.2015.1,"Learning Deprivation Severity;PISA 2015 for grade 15Y using MPL Level 2 for science, First Quintile",Learning Deprivation Severity;PISA 2015 for grade 15Y using MPL Level 2 for science
SE.CLO.15Y.LDSEV.S.PS.2015.2,"Learning Deprivation Severity;PISA 2015 for grade 15Y using MPL Level 2 for science, Second Quintile","Learning Deprivation Severity;PISA 2015 for grade 15Y using MPL Level 2 for science, Second Quintile"
SE.CLO.15Y.LDSEV.S.PS.2015.3,"Learning Deprivation Severity;PISA 2015 for grade 15Y using MPL Level 2 for science, Third Quintile","Learning Deprivation Severity;PISA 2015 for grade 15Y using MPL Level 2 for science, Third Quintile"
SE.CLO.15Y.LDSEV.S.PS.2015.4,"Learning Deprivation Severity;PISA 2015 for grade 15Y using MPL Level 2 for science, Fourth Quintile","Learning Deprivation Severity;PISA 2015 for grade 15Y using MPL Level 2 for science, Fourth Quintile"
SE.CLO.15Y.LDSEV.S.PS.2015.5,"Learning Deprivation Severity;PISA 2015 for grade 15Y using MPL Level 2 for science, Fifth Quintile","Learning Deprivation Severity;PISA 2015 for grade 15Y using MPL Level 2 for science, Fifth Quintile"
SE.CLO.15Y.LDSEV.S.PS.2015.A,Learning Deprivation Severity;PISA 2015 for grade 15Y using MPL Level 2 for science,Learning Deprivation Severity;PISA 2015 for grade 15Y using MPL Level 2 for science
SE.CLO.15Y.LDSEV.S.PS.2015.F,"Learning Deprivation Severity;PISA 2015 for grade 15Y using MPL Level 2 for science, Female",Learning Deprivation Severity;PISA 2015 for grade 15Y using MPL Level 2 for science
SE.CLO.15Y.LDSEV.S.PS.2015.M,"Learning Deprivation Severity;PISA 2015 for grade 15Y using MPL Level 2 for science, Male",Learning Deprivation Severity;PISA 2015 for grade 15Y using MPL Level 2 for science
SE.CLO.15Y.LDSEV.S.PS.2015.R,"Learning Deprivation Severity;PISA 2015 for grade 15Y using MPL Level 2 for science, Rural","Learning Deprivation Severity;PISA 2015 for grade 15Y using MPL Level 2 for science, Rural"
SE.CLO.15Y.LDSEV.S.PS.2015.U,"Learning Deprivation Severity;PISA 2015 for grade 15Y using MPL Level 2 for science, Urban","Learning Deprivation Severity;PISA 2015 for grade 15Y using MPL Level 2 for science, Urban"
SE.CLO.15Y.LDSEV.S.PS.2018.1,"Learning Deprivation Severity;PISA 2018 for grade 15Y using MPL Level 2 for science, First Quintile",Learning Deprivation Severity;PISA 2018 for grade 15Y using MPL Level 2 for science
SE.CLO.15Y.LDSEV.S.PS.2018.2,"Learning Deprivation Severity;PISA 2018 for grade 15Y using MPL Level 2 for science, Second Quintile","Learning Deprivation Severity;PISA 2018 for grade 15Y using MPL Level 2 for science, Second Quintile"
SE.CLO.15Y.LDSEV.S.PS.2018.3,"Learning Deprivation Severity;PISA 2018 for grade 15Y using MPL Level 2 for science, Third Quintile","Learning Deprivation Severity;PISA 2018 for grade 15Y using MPL Level 2 for science, Third Quintile"
SE.CLO.15Y.LDSEV.S.PS.2018.4,"Learning Deprivation Severity;PISA 2018 for grade 15Y using MPL Level 2 for science, Fourth Quintile","Learning Deprivation Severity;PISA 2018 for grade 15Y using MPL Level 2 for science, Fourth Quintile"
SE.CLO.15Y.LDSEV.S.PS.2018.5,"Learning Deprivation Severity;PISA 2018 for grade 15Y using MPL Level 2 for science, Fifth Quintile","Learning Deprivation Severity;PISA 2018 for grade 15Y using MPL Level 2 for science, Fifth Quintile"
SE.CLO.15Y.LDSEV.S.PS.2018.A,Learning Deprivation Severity;PISA 2018 for grade 15Y using MPL Level 2 for science,Learning Deprivation Severity;PISA 2018 for grade 15Y using MPL Level 2 for science
SE.CLO.15Y.LDSEV.S.PS.2018.F,"Learning Deprivation Severity;PISA 2018 for grade 15Y using MPL Level 2 for science, Female",Learning Deprivation Severity;PISA 2018 for grade 15Y using MPL Level 2 for science
SE.CLO.15Y.LDSEV.S.PS.2018.M,"Learning Deprivation Severity;PISA 2018 for grade 15Y using MPL Level 2 for science, Male",Learning Deprivation Severity;PISA 2018 for grade 15Y using MPL Level 2 for science
SE.CLO.15Y.LDSEV.S.PS.2018.R,"Learning Deprivation Severity;PISA 2018 for grade 15Y using MPL Level 2 for science, Rural","Learning Deprivation Severity;PISA 2018 for grade 15Y using MPL Level 2 for science, Rural"
SE.CLO.15Y.LDSEV.S.PS.2018.U,"Learning Deprivation Severity;PISA 2018 for grade 15Y using MPL Level 2 for science, Urban","Learning Deprivation Severity;PISA 2018 for grade 15Y using MPL Level 2 for science, Urban"
SE.CLO.15Y.PRF.M.PS.2015.1,"Above Proficiency;PISA 2015 for grade 15Y using MPL Level 2 for math, First Quintile",Above Proficiency;PISA 2015 for grade 15Y using MPL Level 2 for math
SE.CLO.15Y.PRF.M.PS.2015.2,"Above Proficiency;PISA 2015 for grade 15Y using MPL Level 2 for math, Second Quintile","Above Proficiency;PISA 2015 for grade 15Y using MPL Level 2 for math, Second Quintile"
SE.CLO.15Y.PRF.M.PS.2015.3,"Above Proficiency;PISA 2015 for grade 15Y using MPL Level 2 for math, Third Quintile","Above Proficiency;PISA 2015 for grade 15Y using MPL Level 2 for math, Third Quintile"
SE.CLO.15Y.PRF.M.PS.2015.4,"Above Proficiency;PISA 2015 for grade 15Y using MPL Level 2 for math, Fourth Quintile","Above Proficiency;PISA 2015 for grade 15Y using MPL Level 2 for math, Fourth Quintile"
SE.CLO.15Y.PRF.M.PS.2015.5,"Above Proficiency;PISA 2015 for grade 15Y using MPL Level 2 for math, Fifth Quintile","Above Proficiency;PISA 2015 for grade 15Y using MPL Level 2 for math, Fifth Quintile"
SE.CLO.15Y.PRF.M.PS.2015.A,Above Proficiency;PISA 2015 for grade 15Y using MPL Level 2 for math,Above Proficiency;PISA 2015 for grade 15Y using MPL Level 2 for math
SE.CLO.15Y.PRF.M.PS.2015.F,"Above Proficiency;PISA 2015 for grade 15Y using MPL Level 2 for math, Female",Above Proficiency;PISA 2015 for grade 15Y using MPL Level 2 for math
SE.CLO.15Y.PRF.M.PS.2015.M,"Above Proficiency;PISA 2015 for grade 15Y using MPL Level 2 for math, Male",Above Proficiency;PISA 2015 for grade 15Y using MPL Level 2 for math
SE.CLO.15Y.PRF.M.PS.2015.R,"Above Proficiency;PISA 2015 for grade 15Y using MPL Level 2 for math, Rural","Above Proficiency;PISA 2015 for grade 15Y using MPL Level 2 for math, Rural"
SE.CLO.15Y.PRF.M.PS.2015.U,"Above Proficiency;PISA 2015 for grade 15Y using MPL Level 2 for math, Urban","Above Proficiency;PISA 2015 for grade 15Y using MPL Level 2 for math, Urban"
SE.CLO.15Y.PRF.M.PS.2018.1,"Above Proficiency;PISA 2018 for grade 15Y using MPL Level 2 for math, First Quintile",Above Proficiency;PISA 2018 for grade 15Y using MPL Level 2 for math
SE.CLO.15Y.PRF.M.PS.2018.2,"Above Proficiency;PISA 2018 for grade 15Y using MPL Level 2 for math, Second Quintile","Above Proficiency;PISA 2018 for grade 15Y using MPL Level 2 for math, Second Quintile"
SE.CLO.15Y.PRF.M.PS.2018.3,"Above Proficiency;PISA 2018 for grade 15Y using MPL Level 2 for math, Third Quintile","Above Proficiency;PISA 2018 for grade 15Y using MPL Level 2 for math, Third Quintile"
SE.CLO.15Y.PRF.M.PS.2018.4,"Above Proficiency;PISA 2018 for grade 15Y using MPL Level 2 for math, Fourth Quintile","Above Proficiency;PISA 2018 for grade 15Y using MPL Level 2 for math, Fourth Quintile"
SE.CLO.15Y.PRF.M.PS.2018.5,"Above Proficiency;PISA 2018 for grade 15Y using MPL Level 2 for math, Fifth Quintile","Above Proficiency;PISA 2018 for grade 15Y using MPL Level 2 for math, Fifth Quintile"
SE.CLO.15Y.PRF.M.PS.2018.A,Above Proficiency;PISA 2018 for grade 15Y using MPL Level 2 for math,Above Proficiency;PISA 2018 for grade 15Y using MPL Level 2 for math
SE.CLO.15Y.PRF.M.PS.2018.F,"Above Proficiency;PISA 2018 for grade 15Y using MPL Level 2 for math, Female",Above Proficiency;PISA 2018 for grade 15Y using MPL Level 2 for math
SE.CLO.15Y.PRF.M.PS.2018.M,"Above Proficiency;PISA 2018 for grade 15Y using MPL Level 2 for math, Male",Above Proficiency;PISA 2018 for grade 15Y using MPL Level 2 for math
SE.CLO.15Y.PRF.M.PS.2018.R,"Above Proficiency;PISA 2018 for grade 15Y using MPL Level 2 for math, Rural","Above Proficiency;PISA 2018 for grade 15Y using MPL Level 2 for math, Rural"
SE.CLO.15Y.PRF.M.PS.2018.U,"Above Proficiency;PISA 2018 for grade 15Y using MPL Level 2 for math, Urban","Above Proficiency;PISA 2018 for grade 15Y using MPL Level 2 for math, Urban"
SE.CLO.15Y.PRF.R.PS.2015.1,"Above Proficiency;PISA 2015 for grade 15Y using MPL Level 2 for reading, First Quintile",Above Proficiency;PISA 2015 for grade 15Y using MPL Level 2 for reading
SE.CLO.15Y.PRF.R.PS.2015.2,"Above Proficiency;PISA 2015 for grade 15Y using MPL Level 2 for reading, Second Quintile","Above Proficiency;PISA 2015 for grade 15Y using MPL Level 2 for reading, Second Quintile"
SE.CLO.15Y.PRF.R.PS.2015.3,"Above Proficiency;PISA 2015 for grade 15Y using MPL Level 2 for reading, Third Quintile","Above Proficiency;PISA 2015 for grade 15Y using MPL Level 2 for reading, Third Quintile"
SE.CLO.15Y.PRF.R.PS.2015.4,"Above Proficiency;PISA 2015 for grade 15Y using MPL Level 2 for reading, Fourth Quintile","Above Proficiency;PISA 2015 for grade 15Y using MPL Level 2 for reading, Fourth Quintile"
SE.CLO.15Y.PRF.R.PS.2015.5,"Above Proficiency;PISA 2015 for grade 15Y using MPL Level 2 for reading, Fifth Quintile","Above Proficiency;PISA 2015 for grade 15Y using MPL Level 2 for reading, Fifth Quintile"
SE.CLO.15Y.PRF.R.PS.2015.A,Above Proficiency;PISA 2015 for grade 15Y using MPL Level 2 for reading,Above Proficiency;PISA 2015 for grade 15Y using MPL Level 2 for reading
SE.CLO.15Y.PRF.R.PS.2015.F,"Above Proficiency;PISA 2015 for grade 15Y using MPL Level 2 for reading, Female",Above Proficiency;PISA 2015 for grade 15Y using MPL Level 2 for reading
SE.CLO.15Y.PRF.R.PS.2015.M,"Above Proficiency;PISA 2015 for grade 15Y using MPL Level 2 for reading, Male",Above Proficiency;PISA 2015 for grade 15Y using MPL Level 2 for reading
SE.CLO.15Y.PRF.R.PS.2015.R,"Above Proficiency;PISA 2015 for grade 15Y using MPL Level 2 for reading, Rural","Above Proficiency;PISA 2015 for grade 15Y using MPL Level 2 for reading, Rural"
SE.CLO.15Y.PRF.R.PS.2015.U,"Above Proficiency;PISA 2015 for grade 15Y using MPL Level 2 for reading, Urban","Above Proficiency;PISA 2015 for grade 15Y using MPL Level 2 for reading, Urban"
SE.CLO.15Y.PRF.R.PS.2018.1,"Above Proficiency;PISA 2018 for grade 15Y using MPL Level 2 for reading, First Quintile",Above Proficiency;PISA 2018 for grade 15Y using MPL Level 2 for reading
SE.CLO.15Y.PRF.R.PS.2018.2,"Above Proficiency;PISA 2018 for grade 15Y using MPL Level 2 for reading, Second Quintile","Above Proficiency;PISA 2018 for grade 15Y using MPL Level 2 for reading, Second Quintile"
SE.CLO.15Y.PRF.R.PS.2018.3,"Above Proficiency;PISA 2018 for grade 15Y using MPL Level 2 for reading, Third Quintile","Above Proficiency;PISA 2018 for grade 15Y using MPL Level 2 for reading, Third Quintile"
SE.CLO.15Y.PRF.R.PS.2018.4,"Above Proficiency;PISA 2018 for grade 15Y using MPL Level 2 for reading, Fourth Quintile","Above Proficiency;PISA 2018 for grade 15Y using MPL Level 2 for reading, Fourth Quintile"
SE.CLO.15Y.PRF.R.PS.2018.5,"Above Proficiency;PISA 2018 for grade 15Y using MPL Level 2 for reading, Fifth Quintile","Above Proficiency;PISA 2018 for grade 15Y using MPL Level 2 for reading, Fifth Quintile"
SE.CLO.15Y.PRF.R.PS.2018.A,Above Proficiency;PISA 2018 for grade 15Y using MPL Level 2 for reading,Above Proficiency;PISA 2018 for grade 15Y using MPL Level 2 for reading
SE.CLO.15Y.PRF.R.PS.2018.F,"Above Proficiency;PISA 2018 for grade 15Y using MPL Level 2 for reading, Female",Above Proficiency;PISA 2018 for grade 15Y using MPL Level 2 for reading
SE.CLO.15Y.PRF.R.PS.2018.M,"Above Proficiency;PISA 2018 for grade 15Y using MPL Level 2 for reading, Male",Above Proficiency;PISA 2018 for grade 15Y using MPL Level 2 for reading
SE.CLO.15Y.PRF.R.PS.2018.R,"Above Proficiency;PISA 2018 for grade 15Y using MPL Level 2 for reading, Rural","Above Proficiency;PISA 2018 for grade 15Y using MPL Level 2 for reading, Rural"
SE.CLO.15Y.PRF.R.PS.2018.U,"Above Proficiency;PISA 2018 for grade 15Y using MPL Level 2 for reading, Urban","Above Proficiency;PISA 2018 for grade 15Y using MPL Level 2 for reading, Urban"
SE.CLO.15Y.PRF.S.PS.2015.1,"Above Proficiency;PISA 2015 for grade 15Y using MPL Level 2 for science, First Quintile",Above Proficiency;PISA 2015 for grade 15Y using MPL Level 2 for science
SE.CLO.15Y.PRF.S.PS.2015.2,"Above Proficiency;PISA 2015 for grade 15Y using MPL Level 2 for science, Second Quintile","Above Proficiency;PISA 2015 for grade 15Y using MPL Level 2 for science, Second Quintile"
SE.CLO.15Y.PRF.S.PS.2015.3,"Above Proficiency;PISA 2015 for grade 15Y using MPL Level 2 for science, Third Quintile","Above Proficiency;PISA 2015 for grade 15Y using MPL Level 2 for science, Third Quintile"
SE.CLO.15Y.PRF.S.PS.2015.4,"Above Proficiency;PISA 2015 for grade 15Y using MPL Level 2 for science, Fourth Quintile","Above Proficiency;PISA 2015 for grade 15Y using MPL Level 2 for science, Fourth Quintile"
SE.CLO.15Y.PRF.S.PS.2015.5,"Above Proficiency;PISA 2015 for grade 15Y using MPL Level 2 for science, Fifth Quintile","Above Proficiency;PISA 2015 for grade 15Y using MPL Level 2 for science, Fifth Quintile"
SE.CLO.15Y.PRF.S.PS.2015.A,Above Proficiency;PISA 2015 for grade 15Y using MPL Level 2 for science,Above Proficiency;PISA 2015 for grade 15Y using MPL Level 2 for science
SE.CLO.15Y.PRF.S.PS.2015.F,"Above Proficiency;PISA 2015 for grade 15Y using MPL Level 2 for science, Female",Above Proficiency;PISA 2015 for grade 15Y using MPL Level 2 for science
SE.CLO.15Y.PRF.S.PS.2015.M,"Above Proficiency;PISA 2015 for grade 15Y using MPL Level 2 for science, Male",Above Proficiency;PISA 2015 for grade 15Y using MPL Level 2 for science
SE.CLO.15Y.PRF.S.PS.2015.R,"Above Proficiency;PISA 2015 for grade 15Y using MPL Level 2 for science, Rural","Above Proficiency;PISA 2015 for grade 15Y using MPL Level 2 for science, Rural"
SE.CLO.15Y.PRF.S.PS.2015.U,"Above Proficiency;PISA 2015 for grade 15Y using MPL Level 2 for science, Urban","Above Proficiency;PISA 2015 for grade 15Y using MPL Level 2 for science, Urban"
SE.CLO.15Y.PRF.S.PS.2018.1,"Above Proficiency;PISA 2018 for grade 15Y using MPL Level 2 for science, First Quintile",Above Proficiency;PISA 2018 for grade 15Y using MPL Level 2 for science
SE.CLO.15Y.PRF.S.PS.2018.2,"Above Proficiency;PISA 2018 for grade 15Y using MPL Level 2 for science, Second Quintile","Above Proficiency;PISA 2018 for grade 15Y using MPL Level 2 for science, Second Quintile"
SE.CLO.15Y.PRF.S.PS.2018.3,"Above Proficiency;PISA 2018 for grade 15Y using MPL Level 2 for science, Third Quintile","Above Proficiency;PISA 2018 for grade 15Y using MPL Level 2 for science, Third Quintile"
SE.CLO.15Y.PRF.S.PS.2018.4,"Above Proficiency;PISA 2018 for grade 15Y using MPL Level 2 for science, Fourth Quintile","Above Proficiency;PISA 2018 for grade 15Y using MPL Level 2 for science, Fourth Quintile"
SE.CLO.15Y.PRF.S.PS.2018.5,"Above Proficiency;PISA 2018 for grade 15Y using MPL Level 2 for science, Fifth Quintile","Above Proficiency;PISA 2018 for grade 15Y using MPL Level 2 for science, Fifth Quintile"
SE.CLO.15Y.PRF.S.PS.2018.A,Above Proficiency;PISA 2018 for grade 15Y using MPL Level 2 for science,Above Proficiency;PISA 2018 for grade 15Y using MPL Level 2 for science
SE.CLO.15Y.PRF.S.PS.2018.F,"Above Proficiency;PISA 2018 for grade 15Y using MPL Level 2 for science, Female",Above Proficiency;PISA 2018 for grade 15Y using MPL Level 2 for science
SE.CLO.15Y.PRF.S.PS.2018.M,"Above Proficiency;PISA 2018 for grade 15Y using MPL Level 2 for science, Male",Above Proficiency;PISA 2018 for grade 15Y using MPL Level 2 for science
SE.CLO.15Y.PRF.S.PS.2018.R,"Above Proficiency;PISA 2018 for grade 15Y using MPL Level 2 for science, Rural","Above Proficiency;PISA 2018 for grade 15Y using MPL Level 2 for science, Rural"
SE.CLO.15Y.PRF.S.PS.2018.U,"Above Proficiency;PISA 2018 for grade 15Y using MPL Level 2 for science, Urban","Above Proficiency;PISA 2018 for grade 15Y using MPL Level 2 for science, Urban"
SE.CLO.4.LDGAP.M.TMS.2019.A,Learning Deprivation Gap;TIMSS 2019 for grade 4 using MPL Low (400 points) for math,Learning Deprivation Gap;TIMSS 2019 for grade 4 using MPL Low (400 points) for math
SE.CLO.4.LDGAP.M.TMS.2019.F,"Learning Deprivation Gap;TIMSS 2019 for grade 4 using MPL Low (400 points) for math, Female",Learning Deprivation Gap;TIMSS 2019 for grade 4 using MPL Low (400 points) for math
SE.CLO.4.LDGAP.M.TMS.2019.M,"Learning Deprivation Gap;TIMSS 2019 for grade 4 using MPL Low (400 points) for math, Male",Learning Deprivation Gap;TIMSS 2019 for grade 4 using MPL Low (400 points) for math
SE.CLO.4.LDGAP.M.TMS.2019.R,"Learning Deprivation Gap;TIMSS 2019 for grade 4 using MPL Low (400 points) for math, Rural","Learning Deprivation Gap;TIMSS 2019 for grade 4 using MPL Low (400 points) for math, Rural"
SE.CLO.4.LDGAP.M.TMS.2019.U,"Learning Deprivation Gap;TIMSS 2019 for grade 4 using MPL Low (400 points) for math, Urban","Learning Deprivation Gap;TIMSS 2019 for grade 4 using MPL Low (400 points) for math, Urban"
SE.CLO.4.LDGAP.S.TMS.2019.A,Learning Deprivation Gap;TIMSS 2019 for grade 4 using MPL Low (400 points) for science,Learning Deprivation Gap;TIMSS 2019 for grade 4 using MPL Low (400 points) for science
SE.CLO.4.LDGAP.S.TMS.2019.F,"Learning Deprivation Gap;TIMSS 2019 for grade 4 using MPL Low (400 points) for science, Female",Learning Deprivation Gap;TIMSS 2019 for grade 4 using MPL Low (400 points) for science
SE.CLO.4.LDGAP.S.TMS.2019.M,"Learning Deprivation Gap;TIMSS 2019 for grade 4 using MPL Low (400 points) for science, Male",Learning Deprivation Gap;TIMSS 2019 for grade 4 using MPL Low (400 points) for science
SE.CLO.4.LDGAP.S.TMS.2019.R,"Learning Deprivation Gap;TIMSS 2019 for grade 4 using MPL Low (400 points) for science, Rural","Learning Deprivation Gap;TIMSS 2019 for grade 4 using MPL Low (400 points) for science, Rural"
SE.CLO.4.LDGAP.S.TMS.2019.U,"Learning Deprivation Gap;TIMSS 2019 for grade 4 using MPL Low (400 points) for science, Urban","Learning Deprivation Gap;TIMSS 2019 for grade 4 using MPL Low (400 points) for science, Urban"
SE.CLO.4.LDSEV.M.TMS.2019.A,Learning Deprivation Severity;TIMSS 2019 for grade 4 using MPL Low (400 points) for math,Learning Deprivation Severity;TIMSS 2019 for grade 4 using MPL Low (400 points) for math
SE.CLO.4.LDSEV.M.TMS.2019.F,"Learning Deprivation Severity;TIMSS 2019 for grade 4 using MPL Low (400 points) for math, Female",Learning Deprivation Severity;TIMSS 2019 for grade 4 using MPL Low (400 points) for math
SE.CLO.4.LDSEV.M.TMS.2019.M,"Learning Deprivation Severity;TIMSS 2019 for grade 4 using MPL Low (400 points) for math, Male",Learning Deprivation Severity;TIMSS 2019 for grade 4 using MPL Low (400 points) for math
SE.CLO.4.LDSEV.M.TMS.2019.R,"Learning Deprivation Severity;TIMSS 2019 for grade 4 using MPL Low (400 points) for math, Rural","Learning Deprivation Severity;TIMSS 2019 for grade 4 using MPL Low (400 points) for math, Rural"
SE.CLO.4.LDSEV.M.TMS.2019.U,"Learning Deprivation Severity;TIMSS 2019 for grade 4 using MPL Low (400 points) for math, Urban","Learning Deprivation Severity;TIMSS 2019 for grade 4 using MPL Low (400 points) for math, Urban"
SE.CLO.4.LDSEV.S.TMS.2019.A,Learning Deprivation Severity;TIMSS 2019 for grade 4 using MPL Low (400 points) for science,Learning Deprivation Severity;TIMSS 2019 for grade 4 using MPL Low (400 points) for science
SE.CLO.4.LDSEV.S.TMS.2019.F,"Learning Deprivation Severity;TIMSS 2019 for grade 4 using MPL Low (400 points) for science, Female",Learning Deprivation Severity;TIMSS 2019 for grade 4 using MPL Low (400 points) for science
SE.CLO.4.LDSEV.S.TMS.2019.M,"Learning Deprivation Severity;TIMSS 2019 for grade 4 using MPL Low (400 points) for science, Male",Learning Deprivation Severity;TIMSS 2019 for grade 4 using MPL Low (400 points) for science
SE.CLO.4.LDSEV.S.TMS.2019.R,"Learning Deprivation Severity;TIMSS 2019 for grade 4 using MPL Low (400 points) for science, Rural","Learning Deprivation Severity;TIMSS 2019 for grade 4 using MPL Low (400 points) for science, Rural"
SE.CLO.4.LDSEV.S.TMS.2019.U,"Learning Deprivation Severity;TIMSS 2019 for grade 4 using MPL Low (400 points) for science, Urban","Learning Deprivation Severity;TIMSS 2019 for grade 4 using MPL Low (400 points) for science, Urban"
SE.CLO.4.PRF.M.TMS.2019.A,Above Proficiency;TIMSS 2019 for grade 4 using MPL Low (400 points) for math,Above Proficiency;TIMSS 2019 for grade 4 using MPL Low (400 points) for math
SE.CLO.4.PRF.M.TMS.2019.F,"Above Proficiency;TIMSS 2019 for grade 4 using MPL Low (400 points) for math, Female",Above Proficiency;TIMSS 2019 for grade 4 using MPL Low (400 points) for math
SE.CLO.4.PRF.M.TMS.2019.M,"Above Proficiency;TIMSS 2019 for grade 4 using MPL Low (400 points) for math, Male",Above Proficiency;TIMSS 2019 for grade 4 using MPL Low (400 points) for math
SE.CLO.4.PRF.M.TMS.2019.R,"Above Proficiency;TIMSS 2019 for grade 4 using MPL Low (400 points) for math, Rural","Above Proficiency;TIMSS 2019 for grade 4 using MPL Low (400 points) for math, Rural"
SE.CLO.4.PRF.M.TMS.2019.U,"Above Proficiency;TIMSS 2019 for grade 4 using MPL Low (400 points) for math, Urban","Above Proficiency;TIMSS 2019 for grade 4 using MPL Low (400 points) for math, Urban"
SE.CLO.4.PRF.S.TMS.2019.A,Above Proficiency;TIMSS 2019 for grade 4 using MPL Low (400 points) for science,Above Proficiency;TIMSS 2019 for grade 4 using MPL Low (400 points) for science
SE.CLO.4.PRF.S.TMS.2019.F,"Above Proficiency;TIMSS 2019 for grade 4 using MPL Low (400 points) for science, Female",Above Proficiency;TIMSS 2019 for grade 4 using MPL Low (400 points) for science
SE.CLO.4.PRF.S.TMS.2019.M,"Above Proficiency;TIMSS 2019 for grade 4 using MPL Low (400 points) for science, Male",Above Proficiency;TIMSS 2019 for grade 4 using MPL Low (400 points) for science
SE.CLO.4.PRF.S.TMS.2019.R,"Above Proficiency;TIMSS 2019 for grade 4 using MPL Low (400 points) for science, Rural","Above Proficiency;TIMSS 2019 for grade 4 using MPL Low (400 points) for science, Rural"
SE.CLO.4.PRF.S.TMS.2019.U,"Above Proficiency;TIMSS 2019 for grade 4 using MPL Low (400 points) for science, Urban","Above Proficiency;TIMSS 2019 for grade 4 using MPL Low (400 points) for science, Urban"
SE.LPV.POP.0516,Population Age 0516 for Reference Year 2019;,Population for Reference Year 2019;
SE.LPV.POP.0516.FE,Population Age 0516 for Reference Year 2019; Female,Population for Reference Year 2019; Female
SE.LPV.POP.0516.MA,Population Age 0516 for Reference Year 2019; Male,Population for Reference Year 2019; Male
SE.LPV.POP.10,Population Age 10 for Reference Year 2019;,Population Age 10 for Reference Year 2019;
SE.LPV.POP.10.FE,Population Age 10 for Reference Year 2019; Female,Population Age 10 for Reference Year 2019; Female
SE.LPV.POP.10.MA,Population Age 10 for Reference Year 2019; Male,Population Age 10 for Reference Year 2019; Male
SE.LPV.POP.1014,Population Age 1014 for Reference Year 2019;,Population Age 1014 for Reference Year 2019;
SE.LPV.POP.1014.FE,Population Age 1014 for Reference Year 2019; Female,Population Age 1014 for Reference Year 2019; Female
SE.LPV.POP.1014.MA,Population Age 1014 for Reference Year 2019; Male,Population Age 1014 for Reference Year 2019; Male
SE.LPV.POP.9PLUS,Population Age 9plus for Reference Year 2019;,Population Age 9plus for Reference Year 2019;
SE.LPV.POP.9PLUS.FE,Population Age 9plus for Reference Year 2019; Female,Population Age 9plus for Reference Year 2019; Female
SE.LPV.POP.9PLUS.MA,Population Age 9plus for Reference Year 2019; Male,Population Age 9plus for Reference Year 2019; Male
SE.LPV.PRIM,LP = SD: Country Team Validation; LD: PIRLS 2021 for grade 4 using MPL Low (400 points) for reading;,Learning poverty: Share of Children at the End-of-Primary age below minimum reading proficiency adjusted by Out-of-School Children (%)
SE.LPV.PRIM.FE,LP = SD: Country Team Validation; LD: PIRLS 2021 for grade 4 using MPL Low (400 points) for reading; Female,Learning poverty: Share of Female Children at the End-of-Primary age below minimum reading proficiency adjusted by Out-of-School Children (%)
SE.LPV.PRIM.LD,LD = PIRLS 2021 for grade 4 using MPL Low (400 points) for reading;,Pupils below minimum reading proficiency at end of primary (%). Low GAML threshold
SE.LPV.PRIM.LD.FE,LD = PIRLS 2021 for grade 4 using MPL Low (400 points) for reading; Female,Female pupils below minimum reading proficiency at end of primary (%). Low GAML threshold
SE.LPV.PRIM.LD.MA,LD = PIRLS 2021 for grade 4 using MPL Low (400 points) for reading; Male,Male pupils below minimum reading proficiency at end of primary (%). Low GAML threshold
SE.LPV.PRIM.LDGAP,LDGAP: PIRLS 2021 for grade 4 using MPL Low (400 points) for reading;,LDGAP: TIMSS 2019 for grade 4 using MPL Low (400 points) for scie;
SE.LPV.PRIM.LDGAP.FE,LDGAP: PIRLS 2021 for grade 4 using MPL Low (400 points) for reading; Female,LDGAP: PIRLS for grade 4 using MPL Low (400 points) for reading; Female
SE.LPV.PRIM.LDGAP.MA,LDGAP: PIRLS 2021 for grade 4 using MPL Low (400 points) for reading; Male,LDGAP: PIRLS for grade 4 using MPL Low (400 points) for reading; Male
SE.LPV.PRIM.LDSEV,LDSEV: PIRLS 2021 for grade 4 using MPL Low (400 points) for reading;,LDSEV: TIMSS 2019 for grade 4 using MPL Low (400 points) for scie;
SE.LPV.PRIM.LDSEV.FE,LDSEV: PIRLS 2021 for grade 4 using MPL Low (400 points) for reading; Female,LDSEV: PIRLS for grade 4 using MPL Low (400 points) for reading; Female
SE.LPV.PRIM.LDSEV.MA,LDSEV: PIRLS 2021 for grade 4 using MPL Low (400 points) for reading; Male,LDSEV: PIRLS for grade 4 using MPL Low (400 points) for reading; Male
SE.LPV.PRIM.LPGAP,LPGAP = SD: Country Team Validation; LD: PIRLS 2021 for grade 4 using MPL Low (400 points) for reading;,LPGAP = SD: ANER; LD: TIMSS 2019 for grade 4 using MPL Low (400 points) for scie;
SE.LPV.PRIM.LPGAP.FE,LPGAP = SD: Country Team Validation; LD: PIRLS 2021 for grade 4 using MPL Low (400 points) for reading; Female,LPGAP = SD: ANER; LD: PIRLS for grade 4 using MPL Low (400 points) for reading; Female
SE.LPV.PRIM.LPGAP.MA,LPGAP = SD: Country Team Validation; LD: PIRLS 2021 for grade 4 using MPL Low (400 points) for reading; Male,LPGAP = SD: ANER; LD: PIRLS for grade 4 using MPL Low (400 points) for reading; Male
SE.LPV.PRIM.LPSEV,LPSEV = SD: Country Team Validation; LD: PIRLS 2021 for grade 4 using MPL Low (400 points) for reading;,LPSEV = SD: ANER; LD: TIMSS 2019 for grade 4 using MPL Low (400 points) for scie;
SE.LPV.PRIM.LPSEV.FE,LPSEV = SD: Country Team Validation; LD: PIRLS 2021 for grade 4 using MPL Low (400 points) for reading; Female,LPSEV = SD: ANER; LD: PIRLS for grade 4 using MPL Low (400 points) for reading; Female
SE.LPV.PRIM.LPSEV.MA,LPSEV = SD: Country Team Validation; LD: PIRLS 2021 for grade 4 using MPL Low (400 points) for reading; Male,LPSEV = SD: ANER; LD: PIRLS for grade 4 using MPL Low (400 points) for reading; Male
SE.LPV.PRIM.MA,LP = SD: Country Team Validation; LD: PIRLS 2021 for grade 4 using MPL Low (400 points) for reading; Male,Learning poverty: Share of Male Children at the End-of-Primary age below minimum reading proficiency adjusted by Out-of-School Children (%)
SE.LPV.PRIM.SD,SD = Country Team Validation;,Primary school age children out-of-school (%)
SE.LPV.PRIM.SD.FE,SD = Country Team Validation; Female,Female primary school age children out-of-school (%)
SE.LPV.PRIM.SD.MA,SD = Country Team Validation; Male,Male primary school age children out-of-school (%)
