Country name,avg_all_indicators_population_z,n_roots_used,performance_category,performance_binary
Afghanistan,-1.2976500767348238,2,Very low,0
Albania,-0.4405140835694778,17,Low,0
Algeria,-0.2997032147890467,32,Moderate,0
Angola,-1.6793046422189393,2,Very low,0
Antigua and Barbuda,-0.09681318454078024,2,Moderate,0
Argentina,-0.1651731689097799,26,Moderate,0
Armenia,-0.03207277083940747,29,Moderate,0
Australia,0.16109368049293157,35,Moderate,1
Austria,0.10944912871374131,20,Moderate,1
Azerbaijan,-0.1783131729938562,29,Moderate,0
Bahrain,0.04355583139686987,26,Moderate,1
Bangladesh,0.6059832172745535,7,High,1
Belarus,0.2126803714623272,11,Moderate,1
Belgium,0.009714411483688387,35,Moderate,1
Belize,0.4993840213258766,12,High,1
Benin,-0.21163432898620585,14,Moderate,0
Bhutan,-0.6736663807906459,2,Low,0
Bosnia and Herzegovina,-0.41840135682506624,23,Low,0
Botswana,0.1212125497522702,34,Moderate,1
Brazil,-0.7940523468782559,13,Low,0
Brunei Darussalam,-0.46647868436804246,11,Low,0
Bulgaria,0.00229395042031937,35,Moderate,1
Burkina Faso,0.39416381158418584,23,High,1
Burundi,-0.10720029022152987,22,Moderate,0
Cambodia,-0.0545611848320745,23,Moderate,0
Cameroon,0.2953436222186264,23,Moderate,1
Canada,0.13799568615696942,35,Moderate,1
Chad,0.4222192426107751,23,High,1
Chile,-0.17965016747354307,38,Moderate,0
China,0.4142665801750651,2,High,1
Colombia,-0.1890965873379533,38,Moderate,0
Comoros,-0.8047930210195215,2,Low,0
"Congo, Dem Rep",0.5523786812691616,23,High,1
"Congo, Rep",0.14006645122566438,23,Moderate,1
Costa Rica,-0.42482942079704744,23,Low,0
Cote d'Ivoire,0.15577190569869523,23,Moderate,1
Croatia,-0.0663205195395798,20,Moderate,0
Cyprus,-0.06350933941868075,26,Moderate,0
Czech Republic,1.1399190641570587,2,Very high,1
Czechia,-0.03601086819035124,24,Moderate,0
Denmark,-0.026578666931689414,32,Moderate,0
Dominica,-0.07259539984210216,2,Moderate,0
Dominican Republic,-0.3752123722790728,23,Low,0
Ecuador,0.5531255145279645,14,High,1
"Egypt, Arab Rep",0.5689821492647962,11,High,1
El Salvador,0.24851615750688213,26,Moderate,1
Estonia,0.7104257840870054,17,High,1
Eswatini,-0.9792771493633172,5,Low,0
Ethiopia,-1.3229574031896656,2,Very low,0
Fiji,-0.4844256658611079,2,Low,0
Finland,0.3693063181708706,35,High,1
France,-0.06305834944631007,35,Moderate,0
Gabon,-0.18753300983651292,23,Moderate,0
"Gambia, The",-1.2997510586084373,2,Very low,0
Georgia,-0.3338416613067612,35,Low,0
Germany,0.25747221854453334,20,Moderate,1
Ghana,0.7481943984737685,8,High,1
Greece,-0.14882262964643408,23,Moderate,0
Grenada,-0.22974546229421158,2,Moderate,0
Guatemala,0.09206462607038592,23,Moderate,1
Guinea,0.5189967677420373,23,High,1
Guyana,-0.8427072996594771,2,Low,0
Haiti,-1.0165604083580968,2,Very low,0
Honduras,0.028310280960180383,38,Moderate,1
"Hong Kong SAR, China",0.7172060116724809,26,High,1
Hungary,-0.025235716054848305,35,Moderate,0
Iceland,0.1091922333533917,26,Moderate,1
India,1.1625270374046706,7,Very high,1
Indonesia,-0.012457115577009351,35,Moderate,0
"Iran, Islamic Rep",0.2128078623717347,26,Moderate,1
Iraq,-1.3721370537358561,2,Very low,0
Ireland,0.006155732770515211,35,Moderate,1
Israel,0.08651757897524517,20,Moderate,1
Italy,-0.07755067273584276,35,Moderate,0
Jamaica,-0.40981881957793354,2,Low,0
Japan,0.29223380099286095,31,Moderate,1
Jordan,0.21576575322910055,29,Moderate,1
Kazakhstan,-0.3490110200420827,35,Low,0
Kenya,0.7221183312647964,9,High,1
Kiribati,-0.38576580079128714,2,Low,0
"Korea, Rep",0.43245828396019603,32,High,1
Kosovo,-0.5961995802074158,25,Low,0
Kuwait,0.36336854332051444,29,High,1
Kyrgyz Republic,-1.1913022419456352,11,Very low,0
Lao PDR,0.45758855909195645,17,High,1
Latvia,-0.20290790015795337,35,Moderate,0
Lebanon,-0.5039172153161657,17,Low,0
Lesotho,-0.6292094693045096,5,Low,0
Liberia,-2.3678571876643737,2,Very low,0
Liechtenstein,0.535076493870299,9,High,1
Lithuania,-0.28426009655443824,35,Moderate,0
Luxembourg,-0.3598877396210791,23,Low,0
"Macao SAR, China",0.5399425298750173,23,High,1
Madagascar,-0.21104043256602728,14,Moderate,0
Malawi,-0.546550556672186,5,Low,0
Malaysia,-0.24503823059986227,32,Moderate,0
Mali,0.3461350981037965,7,High,1
Malta,-0.1483165117760428,41,Moderate,0
Marshall Islands,-1.0980839094873733,2,Very low,0
Mauritania,-1.6257443067465014,2,Very low,0
Mauritius,-0.2516903071819405,14,Moderate,0
Mexico,-0.19027626078105342,23,Moderate,0
"Micronesia, Fed Sts",-0.7884300793257568,2,Low,0
Moldova,-0.2841657116540986,26,Moderate,0
Mongolia,-0.030262171850347134,23,Moderate,0
Montenegro,-0.34814267098219936,17,Low,0
Morocco,-0.02881778202058981,38,Moderate,0
Mozambique,-0.44986938134900367,4,Low,0
Myanmar,-0.18529384351281225,8,Moderate,0
NA,0.14041782592287597,11,Moderate,1
Namibia,-0.4243083802030516,5,Low,0
Nauru,-0.9422317040275542,2,Low,0
Netherlands,-0.06982883838032156,35,Moderate,0
New Zealand,0.09768083257458433,50,Moderate,1
Nicaragua,0.11977091507219106,14,Moderate,1
Niger,0.7198563173033192,22,High,1
Nigeria,-1.6241112126675286,2,Very low,0
North Macedonia,0.0634426248201774,35,Moderate,1
Norway,-0.1643266764458985,50,Moderate,0
Oman,0.3715798146164166,17,High,1
Pakistan,0.9838345915848639,13,High,1
Palau,0.30837647667378043,2,High,1
Panama,-0.22300949954006655,23,Moderate,0
Papua New Guinea,-1.0090891091932706,2,Very low,0
Paraguay,0.3737451798366557,23,High,1
Peru,-0.29609720186094324,23,Moderate,0
Philippines,0.07198644698924886,38,Moderate,1
Poland,0.08757900537909714,29,Moderate,1
Portugal,-0.20104000214479134,35,Moderate,0
Qatar,-0.039489196836600474,35,Moderate,0
Romania,0.268021957602086,35,Moderate,1
Russian Federation,-0.059745985399808806,26,Moderate,0
Rwanda,-1.4874542789673313,2,Very low,0
Samoa,-0.7267984931094482,2,Low,0
Saudi Arabia,-0.023641168861747885,35,Moderate,0
Senegal,0.26609596712657496,32,Moderate,1
Serbia,-0.1447967234644173,32,Moderate,0
Seychelles,0.3484022038502451,5,High,1
Sierra Leone,-1.6317076202219432,2,Very low,0
Singapore,0.3562014064124568,35,High,1
Slovak Republic,0.07830891154718402,35,Moderate,1
Slovenia,0.021845808317213264,29,Moderate,1
Solomon Islands,-1.1459977446029783,2,Very low,0
South Africa,0.8443056039574608,38,High,1
Spain,-0.03108738005695055,35,Moderate,0
St Kitts and Nevis,-0.08088024668729425,2,Moderate,0
St Lucia,-0.012190513815706544,2,Moderate,0
St Vincent and the Grenadines,-0.29083105653179364,2,Moderate,0
Sudan,-1.1555719998908118,2,Very low,0
Sweden,-0.020770221844525462,38,Moderate,0
Switzerland,0.6482879879465466,11,High,1
Syrian Arab Republic,0.0329438932727835,6,Moderate,1
Tajikistan,0.12438674827931959,2,Moderate,1
Tanzania,-0.4542668227611955,5,Low,0
Thailand,-0.17036709830464825,32,Moderate,0
Timor-Leste,-0.7963982709864652,2,Low,0
Togo,0.282633918392354,23,Moderate,1
Tonga,-0.5538032610064325,2,Low,0
Trinidad and Tobago,-0.23605480736333764,23,Moderate,0
Tunisia,-0.1796618165701385,32,Moderate,0
Turkey,0.5036515218955325,2,High,1
Turkiye,0.2009324391697661,39,Moderate,1
Tuvalu,-0.9048909853956137,2,Low,0
Uganda,-0.26379872968304063,4,Moderate,0
Ukraine,0.17790059733797717,32,Moderate,1
United Arab Emirates,0.06698656888559769,37,Moderate,1
United Kingdom,0.0018018089579120878,50,Moderate,1
United States,0.12280568111056363,35,Moderate,1
Uruguay,-0.34313612635540247,23,Low,0
Uzbekistan,0.5713973194682678,2,High,1
Vanuatu,-1.0960117180343225,2,Very low,0
Viet Nam,-0.1637890663081832,9,Moderate,0
Vietnam,0.4396694118031384,17,High,1
West Bank and Gaza,0.26278364129282594,8,Moderate,1
"Yemen, Rep",0.922481325690815,23,High,1
Zambia,0.5001043725882184,13,High,1
Zimbabwe,-0.05757018426639009,5,Moderate,0
